longitude,latitude,vs_mean,vs_std,strain_azimuth,earthquake_occurred
49.9,34.4,3.499064840223564,0.0,107.3,0
50.0,34.4,3.499064840223564,0.0,107.3,0
50.1,34.4,3.499064840223564,0.0,107.3,0
50.2,34.4,3.499064840223564,0.0,107.3,0
50.3,34.4,3.499064840223564,0.0,96.64,0
50.400000000000006,34.4,3.499064840223564,0.0,96.64,0
50.50000000000001,34.4,3.499064840223564,0.0,96.64,0
50.60000000000001,34.4,3.499064840223564,0.0,96.64,0
50.70000000000001,34.4,3.499064840223564,0.0,96.64,0
50.80000000000001,34.4,3.499064840223564,0.0,96.64,0
50.90000000000001,34.4,3.499064840223564,0.0,96.64,0
51.000000000000014,34.4,3.499064840223564,0.0,96.64,0
51.100000000000016,34.4,3.499064840223564,0.0,96.64,0
51.20000000000002,34.4,3.499064840223564,0.0,96.64,0
51.30000000000002,34.4,3.499064840223564,0.0,107.27,0
51.40000000000002,34.4,3.499064840223564,0.0,107.27,0
51.50000000000002,34.4,3.499064840223564,0.0,107.27,0
51.60000000000002,34.4,3.499064840223564,0.0,107.27,0
51.70000000000002,34.4,3.499064840223564,0.0,107.27,0
51.800000000000026,34.4,3.499064840223564,0.0,107.27,0
51.90000000000003,34.4,3.499064840223564,0.0,107.27,0
52.00000000000003,34.4,3.499064840223564,0.0,107.27,0
52.10000000000003,34.4,3.499064840223564,0.0,107.27,0
52.20000000000003,34.4,3.499064840223564,0.0,107.27,0
52.30000000000003,34.4,3.499064840223564,0.0,107.27,0
52.400000000000034,34.4,3.499064840223564,0.0,102.28,0
52.50000000000004,34.4,3.499064840223564,0.0,102.28,0
52.60000000000004,34.4,3.499064840223564,0.0,102.28,0
52.70000000000004,34.4,3.499064840223564,0.0,102.28,0
52.80000000000004,34.4,3.499064840223564,0.0,102.28,0
52.90000000000004,34.4,3.499064840223564,0.0,102.28,0
53.00000000000004,34.4,3.499064840223564,0.0,102.28,0
53.10000000000005,34.4,3.499064840223564,0.0,102.28,0
53.200000000000045,34.4,3.499064840223564,0.0,102.28,0
53.30000000000005,34.4,3.499064840223564,0.0,102.28,0
53.40000000000005,34.4,3.499064840223564,0.0,102.28,0
53.50000000000005,34.4,3.499064840223564,0.0,94.88,0
53.60000000000005,34.4,3.499064840223564,0.0,94.88,0
53.70000000000005,34.4,3.499064840223564,0.0,94.88,0
53.80000000000005,34.4,3.499064840223564,0.0,94.88,0
53.900000000000055,34.4,3.499064840223564,0.0,94.88,0
54.00000000000006,34.4,3.499064840223564,0.0,94.88,0
54.10000000000006,34.4,3.499064840223564,0.0,94.88,0
49.9,34.5,3.499064840223564,0.0,107.3,0
50.0,34.5,3.537487333333333,0.2477830663287628,107.3,0
50.1,34.5,3.535345666666667,0.2488948090414532,20.84,0
50.2,34.5,3.531226,0.2527701242427573,20.84,0
50.3,34.5,3.5275443333333336,0.2570544036242737,20.84,0
50.400000000000006,34.5,3.524541666666668,0.2609504861423882,96.64,0
50.50000000000001,34.5,3.522504333333333,0.2655424532212594,96.64,0
50.60000000000001,34.5,3.521663,0.2717521978835038,96.64,0
50.70000000000001,34.5,3.5223606666666667,0.279052214434548,96.64,0
50.80000000000001,34.5,3.5246760000000004,0.2861664693576369,96.64,0
50.90000000000001,34.5,3.5274683333333328,0.2920469232534873,96.64,0
51.000000000000014,34.5,3.5288103333333334,0.2953363333996944,96.64,0
51.100000000000016,34.5,3.527629333333333,0.2948644034475677,96.64,0
51.20000000000002,34.5,3.524034,0.2938050165123795,96.64,0
51.30000000000002,34.5,3.5177344444444443,0.2914074028287717,107.27,0
51.40000000000002,34.5,3.5103853333333337,0.2887831782082115,107.27,0
51.50000000000002,34.5,3.503217777777777,0.2862618233143491,107.27,0
51.60000000000002,34.5,3.4961902222222228,0.2834920414895694,107.27,0
51.70000000000002,34.5,3.489122,0.2801746407809749,107.27,0
51.800000000000026,34.5,3.481821111111111,0.2755327259147044,107.27,0
51.90000000000003,34.5,3.475511333333334,0.2697526520742911,107.27,0
52.00000000000003,34.5,3.4727835555555555,0.2656363866819141,107.27,0
52.10000000000003,34.5,3.475569777777778,0.2669393169822548,107.27,0
52.20000000000003,34.5,3.4828824444444444,0.2744922264582251,107.27,0
52.30000000000003,34.5,3.4916615555555555,0.2850232996567838,107.27,0
52.400000000000034,34.5,3.4992037777777782,0.2944824186356019,102.28,0
52.50000000000004,34.5,3.5046704444444443,0.3011150139381225,102.28,0
52.60000000000004,34.5,3.508506888888889,0.3058859112637844,102.28,0
52.70000000000004,34.5,3.511346666666667,0.3106404167325866,102.28,0
52.80000000000004,34.5,3.512642222222222,0.315792186811478,102.28,0
52.90000000000004,34.5,3.5111104444444448,0.3202679550485537,102.28,0
53.00000000000004,34.5,3.506908888888889,0.323076705932751,102.28,0
53.10000000000005,34.5,3.500183777777778,0.3237562326117624,102.28,0
53.200000000000045,34.5,3.492917333333333,0.3231736198439299,102.28,0
53.30000000000005,34.5,3.4867937777777778,0.3221984408468445,102.28,0
53.40000000000005,34.5,3.4828462222222223,0.3210680634657997,102.28,0
53.50000000000005,34.5,3.479486222222222,0.3182783330212325,94.88,0
53.60000000000005,34.5,3.475031333333333,0.313111378847719,94.88,0
53.70000000000005,34.5,3.4700877777777777,0.3065458439422363,94.88,0
53.80000000000005,34.5,3.465369777777778,0.2998827492065281,94.88,0
53.900000000000055,34.5,3.463195,0.2968324066998482,94.88,0
54.00000000000006,34.5,3.46105,0.2941493730364186,94.88,0
54.10000000000006,34.5,3.499064840223564,0.0,94.88,0
49.9,34.6,3.499064840223564,0.0,20.84,0
50.0,34.6,3.537886666666666,0.2505369312802805,20.84,0
50.1,34.6,3.535012333333334,0.2520108804284306,20.84,0
50.2,34.6,3.5298948333333326,0.2557640221930876,20.84,0
50.3,34.6,3.5263075,0.2599043729892109,20.84,0
50.400000000000006,34.6,3.524123833333334,0.2642797933325816,20.84,0
50.50000000000001,34.6,3.522628,0.2693994287974531,112.99,0
50.60000000000001,34.6,3.5220371666666663,0.2756754676688326,112.99,0
50.70000000000001,34.6,3.5231678333333334,0.282568968959799,112.99,0
50.80000000000001,34.6,3.5258858333333336,0.2890625587205343,112.99,0
50.90000000000001,34.6,3.5288893333333333,0.2944348944413065,112.99,0
51.000000000000014,34.6,3.5301515,0.2973520740204959,112.99,0
51.100000000000016,34.6,3.5281738666666667,0.2962677868625366,112.99,0
51.20000000000002,34.6,3.525057,0.2952111170926006,112.99,0
51.30000000000002,34.6,3.5190854444444444,0.2924733216384253,119.85,0
51.40000000000002,34.6,3.512433777777778,0.2897483938118114,119.85,0
51.50000000000002,34.6,3.506009222222222,0.2873716931925231,119.85,0
51.60000000000002,34.6,3.4996407777777776,0.2849273675054147,119.85,0
51.70000000000002,34.6,3.493204333333333,0.2820194353724733,119.85,0
51.800000000000026,34.6,3.4867003333333333,0.2779516780249899,119.85,0
51.90000000000003,34.6,3.481516333333333,0.2733272371850416,119.85,0
52.00000000000003,34.6,3.480012444444444,0.2711351694486107,119.85,0
52.10000000000003,34.6,3.483474111111112,0.2743910893368084,119.85,0
52.20000000000003,34.6,3.490470666666667,0.2828092251824113,119.85,0
52.30000000000003,34.6,3.4982596666666663,0.2931360812319463,119.85,0
52.400000000000034,34.6,3.5049415555555554,0.3021774683272266,114.32,0
52.50000000000004,34.6,3.510039555555556,0.3087239297794871,114.32,0
52.60000000000004,34.6,3.5135656666666666,0.3134070745913264,114.32,0
52.70000000000004,34.6,3.515393,0.3174533422417299,114.32,0
52.80000000000004,34.6,3.515,0.321429156879245,114.32,0
52.90000000000004,34.6,3.511814777777778,0.324779200213771,114.32,0
53.00000000000004,34.6,3.5064844444444443,0.3267337451239072,114.32,0
53.10000000000005,34.6,3.4988333333333337,0.3263430862859355,114.32,0
53.200000000000045,34.6,3.4907012222222225,0.3242235455431949,114.32,0
53.30000000000005,34.6,3.4838693333333333,0.3215467263968135,114.32,0
53.40000000000005,34.6,3.479532555555556,0.3190250740650759,114.32,0
53.50000000000005,34.6,3.475806888888889,0.315307792096417,110.44,0
53.60000000000005,34.6,3.470896555555555,0.309546823123072,110.44,0
53.70000000000005,34.6,3.4655032222222224,0.302677211848655,110.44,0
53.80000000000005,34.6,3.4605558888888885,0.2959335207769706,110.44,0
53.900000000000055,34.6,3.4583245,0.2927917499939577,110.44,0
54.00000000000006,34.6,3.4561970000000004,0.2898976526079944,110.44,0
54.10000000000006,34.6,3.499064840223564,0.0,110.44,0
49.9,34.7,3.499064840223564,0.0,20.84,0
50.0,34.7,3.5365006666666665,0.2565196563877054,20.84,0
50.1,34.7,3.532677666666666,0.2577598408606152,20.84,0
50.2,34.7,3.5268753333333334,0.2611038138894213,20.84,0
50.3,34.7,3.5244041666666663,0.2656340452753018,20.84,0
50.400000000000006,34.7,3.523489333333333,0.2711484789106911,20.84,0
50.50000000000001,34.7,3.522135833333333,0.2767895880014557,112.99,0
50.60000000000001,34.7,3.522110666666667,0.2828816459739605,112.99,0
50.70000000000001,34.7,3.524610833333333,0.2889834299239143,112.99,0
50.80000000000001,34.7,3.527766333333334,0.2937780398436539,112.99,0
50.90000000000001,34.7,3.530408666666667,0.2972080974337496,112.99,0
51.000000000000014,34.7,3.5311356666666667,0.2986326594162225,112.99,0
51.100000000000016,34.7,3.529380933333334,0.2975000867203128,112.99,0
51.20000000000002,34.7,3.526427555555556,0.2954045933035779,112.99,0
51.30000000000002,34.7,3.5218146666666668,0.292628571946531,119.85,0
51.40000000000002,34.7,3.516908777777777,0.2904366917296137,119.85,0
51.50000000000002,34.7,3.5119704444444446,0.2889264748102851,119.85,0
51.60000000000002,34.7,3.506698111111111,0.2874197307624831,119.85,0
51.70000000000002,34.7,3.501304111111112,0.285423993016585,119.85,0
51.800000000000026,34.7,3.496493777777778,0.2828689780011448,119.85,0
51.90000000000003,34.7,3.493942666666667,0.2812751809745361,119.85,0
52.00000000000003,34.7,3.4950724444444443,0.2832571650131408,119.85,1
52.10000000000003,34.7,3.4996270000000003,0.2899111394177696,119.85,1
52.20000000000003,34.7,3.505666666666667,0.2994662246577897,119.85,1
52.30000000000003,34.7,3.508772571428571,0.3061281403165469,119.85,0
52.400000000000034,34.7,3.514524,0.3150490748692608,114.32,0
52.50000000000004,34.7,3.5190766666666664,0.3215986098409082,114.32,0
52.60000000000004,34.7,3.521467047619048,0.3257916825800923,114.32,0
52.70000000000004,34.7,3.521176761904762,0.3284704358084325,114.32,0
52.80000000000004,34.7,3.518059523809524,0.3305184280736035,114.32,0
52.90000000000004,34.7,3.512468761904762,0.3320438166604679,114.32,0
53.00000000000004,34.7,3.505629142857143,0.3325640559272516,114.32,0
53.10000000000005,34.7,3.4970767619047622,0.3304826491726689,114.32,0
53.200000000000045,34.7,3.487637523809524,0.3258501359486767,114.32,0
53.30000000000005,34.7,3.4797954285714288,0.3205780115733833,114.32,0
53.40000000000005,34.7,3.4749638095238096,0.3160786776605644,114.32,0
53.50000000000005,34.7,3.4704836190476187,0.3111111062576235,110.44,0
53.60000000000005,34.7,3.464730666666666,0.3045587446680808,110.44,0
53.70000000000005,34.7,3.458825904761905,0.2974456889893856,110.44,0
53.80000000000005,34.7,3.4539889523809526,0.2909263150903624,110.44,0
53.900000000000055,34.7,3.4522120000000003,0.2878273839066894,110.44,0
54.00000000000006,34.7,3.448119666666668,0.2837198165342049,110.44,0
54.10000000000006,34.7,3.499064840223564,0.0,110.44,0
49.9,34.800000000000004,3.5347153333333328,0.2597650310839571,20.84,0
50.0,34.800000000000004,3.531403666666667,0.2596503109307664,20.84,0
50.1,34.800000000000004,3.5281985,0.2608479745447979,20.84,0
50.2,34.800000000000004,3.5244401666666665,0.2648841091032036,20.84,0
50.3,34.800000000000004,3.523912,0.2707302349008741,20.84,0
50.400000000000006,34.800000000000004,3.5231768333333338,0.2769734479417599,20.84,0
50.50000000000001,34.800000000000004,3.521532166666667,0.2824827160909538,112.99,0
50.60000000000001,34.800000000000004,3.5220645,0.2877348285180655,112.99,0
50.70000000000001,34.800000000000004,3.525027166666668,0.2922313983740139,112.99,0
50.80000000000001,34.800000000000004,3.5273105,0.2944261002140074,112.99,0
50.90000000000001,34.800000000000004,3.528495166666666,0.2948646570942524,112.99,0
51.000000000000014,34.800000000000004,3.5289878666666663,0.2946997407459155,112.99,0
51.100000000000016,34.800000000000004,3.5284977333333334,0.2933703673256075,112.99,0
51.20000000000002,34.800000000000004,3.5268884,0.2911760804711782,112.99,0
51.30000000000002,34.800000000000004,3.524898555555556,0.2891589858869288,119.85,0
51.40000000000002,34.800000000000004,3.5222742222222223,0.2884326106405609,119.85,1
51.50000000000002,34.800000000000004,3.518843666666667,0.2884132358816112,119.85,0
51.60000000000002,34.800000000000004,3.512822,0.2879205811841165,119.85,0
51.70000000000002,34.800000000000004,3.5080501904761907,0.2870204930602865,119.85,0
51.800000000000026,34.800000000000004,3.5046159047619048,0.2865156866029869,119.85,0
51.90000000000003,34.800000000000004,3.503960380952381,0.2881111620348691,119.85,1
52.00000000000003,34.800000000000004,3.5066659047619044,0.2935135040885769,119.85,1
52.10000000000003,34.800000000000004,3.511751428571429,0.3025604015563662,119.85,1
52.20000000000003,34.800000000000004,3.5172489523809523,0.3129372882410106,119.85,1
52.30000000000003,34.800000000000004,3.522351619047619,0.3229239334418544,119.85,0
52.400000000000034,34.800000000000004,3.527142,0.3317040476273884,114.32,0
52.50000000000004,34.800000000000004,3.530647142857143,0.338265580501166,114.32,0
52.60000000000004,34.800000000000004,3.5310614285714284,0.3417731338362578,114.32,0
52.70000000000004,34.800000000000004,3.5276278095238096,0.3425683785506253,114.32,0
52.80000000000004,34.800000000000004,3.521142476190476,0.3419401185535524,114.32,0
52.90000000000004,34.800000000000004,3.513306571428572,0.3410454547093953,114.32,0
53.00000000000004,34.800000000000004,3.505322571428572,0.3396082328730201,114.32,0
53.10000000000005,34.800000000000004,3.496079428571429,0.3354866608025018,114.32,0
53.200000000000045,34.800000000000004,3.485868095238095,0.328192440380587,114.32,0
53.30000000000005,34.800000000000004,3.4771431428571424,0.3200256667429793,114.32,0
53.40000000000005,34.800000000000004,3.4710799047619045,0.3130763767512424,114.32,0
53.50000000000005,34.800000000000004,3.465243333333333,0.3066373765914891,110.44,0
53.60000000000005,34.800000000000004,3.4584500952380948,0.2996113018040592,110.44,0
53.70000000000005,34.800000000000004,3.4522882857142854,0.292726058760603,110.44,0
53.80000000000005,34.800000000000004,3.4479683809523807,0.2867244591452114,110.44,0
53.900000000000055,34.800000000000004,3.4462874666666674,0.2836528517336718,110.44,0
54.00000000000006,34.800000000000004,3.443725333333333,0.2807532298629596,110.44,0
54.10000000000006,34.800000000000004,3.499064840223564,0.0,110.44,0
49.9,34.900000000000006,3.528092,0.2603633745003472,20.84,0
50.0,34.900000000000006,3.524648333333333,0.2591127467899879,20.84,0
50.1,34.900000000000006,3.523359666666667,0.2615920429500488,20.84,0
50.2,34.900000000000006,3.5229505000000003,0.2682034275147027,20.84,0
50.3,34.900000000000006,3.5238465000000003,0.2754685256106163,20.84,0
50.400000000000006,34.900000000000006,3.5228385,0.2814332931594642,20.84,0
50.50000000000001,34.900000000000006,3.5214008333333338,0.2860195940192042,112.99,0
50.60000000000001,34.900000000000006,3.5218831666666666,0.2896040964623691,112.99,0
50.70000000000001,34.900000000000006,3.5234528333333333,0.2915851298309577,112.99,0
50.80000000000001,34.900000000000006,3.524003833333333,0.2909916705953947,112.99,0
50.90000000000001,34.900000000000006,3.524059,0.2888691117534179,112.99,0
51.000000000000014,34.900000000000006,3.5250630666666667,0.2880051302366894,112.99,0
51.100000000000016,34.900000000000006,3.526098,0.2860743443174091,112.99,0
51.20000000000002,34.900000000000006,3.5271446666666666,0.2861003910015799,112.99,0
51.30000000000002,34.900000000000006,3.5267298095238098,0.2844575231817935,119.85,1
51.40000000000002,34.900000000000006,3.525977619047619,0.284973476537525,119.85,1
51.50000000000002,34.900000000000006,3.523969428571429,0.2862126818725674,119.85,1
51.60000000000002,34.900000000000006,3.520661047619048,0.2872297999774541,119.85,0
51.70000000000002,34.900000000000006,3.517071238095238,0.2882746309870588,119.85,0
51.800000000000026,34.900000000000006,3.5152469523809526,0.2909410983719483,119.85,0
51.90000000000003,34.900000000000006,3.516644476190476,0.29706466412877,119.85,1
52.00000000000003,34.900000000000006,3.5207322857142858,0.3067396881362066,119.85,1
52.10000000000003,34.900000000000006,3.525778380952381,0.3180630802099007,119.85,1
52.20000000000003,34.900000000000006,3.5306553333333333,0.3289470041941213,119.85,1
52.30000000000003,34.900000000000006,3.535179142857143,0.3388209744533001,119.85,0
52.400000000000034,34.900000000000006,3.5389703809523807,0.3474936847521943,114.32,0
52.50000000000004,34.900000000000006,3.540584761904762,0.3538227341256725,114.32,0
52.60000000000004,34.900000000000006,3.538326666666667,0.3564786493316223,114.32,0
52.70000000000004,34.900000000000006,3.5321149523809523,0.3555055615927843,114.32,0
52.80000000000004,34.900000000000006,3.5236021904761903,0.3525707018927383,114.32,0
52.90000000000004,34.900000000000006,3.514653523809524,0.3493227387630703,114.32,0
53.00000000000004,34.900000000000006,3.50602180952381,0.3456616530778953,114.32,0
53.10000000000005,34.900000000000006,3.496649333333333,0.3396884638788981,114.32,0
53.200000000000045,34.900000000000006,3.486210476190476,0.3304418280142416,114.32,0
53.30000000000005,34.900000000000006,3.4768201904761904,0.3201926256690683,114.32,0
53.40000000000005,34.900000000000006,3.4693350476190474,0.311276181505719,114.32,0
53.50000000000005,34.900000000000006,3.462102,0.3037094130805107,110.44,0
53.60000000000005,34.900000000000006,3.454637238095238,0.2965645931277632,110.44,0
53.70000000000005,34.900000000000006,3.4486119047619046,0.2901455654212934,110.44,0
53.80000000000005,34.900000000000006,3.444982857142857,0.2846912016164454,110.44,0
53.900000000000055,34.900000000000006,3.4434653333333336,0.2816971984958484,110.44,0
54.00000000000006,34.900000000000006,3.442495666666667,0.2797420419744752,110.44,0
54.10000000000006,34.900000000000006,3.499064840223564,0.0,110.44,0
49.9,35.00000000000001,3.5212046666666668,0.2586821748052398,20.84,0
50.0,35.00000000000001,3.522505555555556,0.2587665791515026,20.84,0
50.1,35.00000000000001,3.5204832,0.2624149349571109,20.84,0
50.2,35.00000000000001,3.5210444999999995,0.2710663490963741,20.84,0
50.3,35.00000000000001,3.5221436666666674,0.2787599777620382,20.84,0
50.400000000000006,35.00000000000001,3.5209038333333336,0.2833725991550559,20.84,0
50.50000000000001,35.00000000000001,3.519294166666667,0.2859071659271935,112.99,0
50.60000000000001,35.00000000000001,3.5192171666666656,0.2875193711211856,112.99,0
50.70000000000001,35.00000000000001,3.5199141666666667,0.2879086085794051,112.99,0
50.80000000000001,35.00000000000001,3.521341333333334,0.2876234357615664,112.99,1
50.90000000000001,35.00000000000001,3.521661466666667,0.2847998017402351,112.99,0
51.000000000000014,35.00000000000001,3.5224847777777777,0.2827248502271963,112.99,0
51.100000000000016,35.00000000000001,3.5240892222222224,0.2803023352354342,112.99,0
51.20000000000002,35.00000000000001,3.526075666666667,0.2787432137216695,112.99,0
51.30000000000002,35.00000000000001,3.5277031111111112,0.2788033968495915,119.85,1
51.40000000000002,35.00000000000001,3.528174,0.2794623983434859,119.85,1
51.50000000000002,35.00000000000001,3.5280041904761905,0.2821562454494014,119.85,1
51.60000000000002,35.00000000000001,3.5266349523809524,0.2851699587675009,119.85,0
51.70000000000002,35.00000000000001,3.524852,0.2891655746657659,119.85,0
51.800000000000026,35.00000000000001,3.524697238095238,0.2958517810022487,119.85,0
51.90000000000003,35.00000000000001,3.527277047619048,0.3061079259395608,119.85,1
52.00000000000003,35.00000000000001,3.5315418095238096,0.3183595120427009,119.85,1
52.10000000000003,35.00000000000001,3.536155714285714,0.3302842762485087,119.85,1
52.20000000000003,35.00000000000001,3.540648380952381,0.3409024970990357,119.85,1
52.30000000000003,35.00000000000001,3.544603904761905,0.3505164753868593,119.85,1
52.400000000000034,35.00000000000001,3.5468367619047623,0.358939179375747,114.32,0
52.50000000000004,35.00000000000001,3.5459344761904763,0.3648595426263795,114.32,0
52.60000000000004,35.00000000000001,3.541098761904762,0.3666517922591085,114.32,0
52.70000000000004,35.00000000000001,3.5331759047619045,0.3642972877750503,114.32,0
52.80000000000004,35.00000000000001,3.523959619047619,0.3596698078575905,114.32,0
52.90000000000004,35.00000000000001,3.5146429523809526,0.3544722117145909,114.32,0
53.00000000000004,35.00000000000001,3.5056800952380955,0.3489441069225112,114.32,0
53.10000000000005,35.00000000000001,3.496273047619048,0.3415509161451449,114.32,0
53.200000000000045,35.00000000000001,3.485681904761905,0.3311080935655089,114.32,0
53.30000000000005,35.00000000000001,3.475572380952381,0.3194096721822204,114.32,0
53.40000000000005,35.00000000000001,3.4669750476190475,0.3091344299384223,114.32,0
53.50000000000005,35.00000000000001,3.459275619047619,0.3009788839681398,110.44,0
53.60000000000005,35.00000000000001,3.4521062857142857,0.2940014252906612,110.44,0
53.70000000000005,35.00000000000001,3.4466831428571427,0.2881434460177142,110.44,0
53.80000000000005,35.00000000000001,3.443751809523809,0.2832099109027073,110.44,0
53.900000000000055,35.00000000000001,3.442635333333333,0.2805022123377831,110.44,0
54.00000000000006,35.00000000000001,3.4427156666666665,0.2788816333248007,110.44,0
54.10000000000006,35.00000000000001,3.499064840223564,0.0,110.44,0
49.9,35.10000000000001,3.5182200000000003,0.2588861839527377,97.7,0
50.0,35.10000000000001,3.518639166666667,0.2609119539144664,20.84,0
50.1,35.10000000000001,3.5180406666666664,0.263677126594264,20.84,0
50.2,35.10000000000001,3.519176666666666,0.2722631912616482,20.84,0
50.3,35.10000000000001,3.519078,0.278508913374609,20.84,0
50.400000000000006,35.10000000000001,3.517819777777778,0.281096283323494,20.84,0
50.50000000000001,35.10000000000001,3.5146162666666667,0.2812626882740565,112.99,0
50.60000000000001,35.10000000000001,3.514444666666667,0.2822524337539636,112.99,0
50.70000000000001,35.10000000000001,3.5162341333333336,0.283172873282617,112.99,1
50.80000000000001,35.10000000000001,3.5180554666666666,0.2822284060964202,112.99,1
50.90000000000001,35.10000000000001,3.5190304444444447,0.2798965353608946,112.99,1
51.000000000000014,35.10000000000001,3.5201666666666664,0.2762096725782905,112.99,0
51.100000000000016,35.10000000000001,3.521907222222222,0.2732257794279293,112.99,0
51.20000000000002,35.10000000000001,3.5240834444444444,0.2716233699617329,112.99,0
51.30000000000002,35.10000000000001,3.526183111111111,0.272027350877555,9.7,0
51.40000000000002,35.10000000000001,3.52720561904762,0.2731790197509243,119.85,0
51.50000000000002,35.10000000000001,3.528381714285714,0.276882557602314,119.85,0
51.60000000000002,35.10000000000001,3.529081333333333,0.2821592537128619,119.85,0
51.70000000000002,35.10000000000001,3.5296286666666665,0.2898034563046372,119.85,0
51.800000000000026,35.10000000000001,3.531302095238095,0.3006602380383287,119.85,1
51.90000000000003,35.10000000000001,3.5344826666666664,0.3136898950887251,119.85,1
52.00000000000003,35.10000000000001,3.538200380952381,0.3263568910610571,119.85,1
52.10000000000003,35.10000000000001,3.541976571428572,0.3373093258419623,119.85,1
52.20000000000003,35.10000000000001,3.5457071428571427,0.3470053946889172,119.85,1
52.30000000000003,35.10000000000001,3.548556571428572,0.3561262056310058,119.85,1
52.400000000000034,35.10000000000001,3.5489456190476187,0.364048220421468,114.32,1
52.50000000000004,35.10000000000001,3.545782095238095,0.3691348210271524,114.32,0
52.60000000000004,35.10000000000001,3.539086571428572,0.3698214230906508,114.32,0
52.70000000000004,35.10000000000001,3.530228761904762,0.3663967474225464,114.32,0
52.80000000000004,35.10000000000001,3.520781047619048,0.360730267967204,114.32,0
52.90000000000004,35.10000000000001,3.511455619047619,0.3544771808944527,114.32,0
53.00000000000004,35.10000000000001,3.502502,0.3481396292502882,114.32,0
53.10000000000005,35.10000000000001,3.492928,0.340054813498933,114.32,0
53.200000000000045,35.10000000000001,3.481746952380953,0.3288547474699215,114.32,0
53.30000000000005,35.10000000000001,3.4708597142857145,0.3161635284870634,114.32,0
53.40000000000005,35.10000000000001,3.461877142857143,0.3052685036250235,114.32,0
53.50000000000005,35.10000000000001,3.455039619047619,0.2973190809114353,110.44,0
53.60000000000005,35.10000000000001,3.449145619047619,0.291038632962843,110.44,0
53.70000000000005,35.10000000000001,3.444964476190476,0.2861048170085611,110.44,0
53.80000000000005,35.10000000000001,3.4432089523809526,0.2820435403984693,110.44,0
53.900000000000055,35.10000000000001,3.4428973333333333,0.2798467585493586,110.44,0
54.00000000000006,35.10000000000001,3.443938,0.2788166493759488,110.44,0
54.10000000000006,35.10000000000001,3.499064840223564,0.0,110.44,0
49.9,35.20000000000001,3.5162826666666667,0.2605349769113227,97.7,0
50.0,35.20000000000001,3.5159485000000004,0.2624252698099175,20.84,0
50.1,35.20000000000001,3.5153217333333333,0.2654342982168822,20.84,0
50.2,35.20000000000001,3.5158670000000005,0.2711288019807468,20.84,0
50.3,35.20000000000001,3.514809,0.2755841422557684,20.84,0
50.400000000000006,35.20000000000001,3.511505,0.2764675724728531,20.84,0
50.50000000000001,35.20000000000001,3.5088937777777782,0.276144475867067,112.99,0
50.60000000000001,35.20000000000001,3.509578333333333,0.276686750808308,112.99,0
50.70000000000001,35.20000000000001,3.512510444444444,0.2774790125080627,112.99,1
50.80000000000001,35.20000000000001,3.514830933333333,0.2753554156777254,112.99,1
50.90000000000001,35.20000000000001,3.516534777777778,0.2730095256835668,112.99,1
51.000000000000014,35.20000000000001,3.5183731111111114,0.2694750306334806,112.99,0
51.100000000000016,35.20000000000001,3.5201885555555554,0.2667469224080224,112.99,0
51.20000000000002,35.20000000000001,3.5221848888888885,0.2656504082308219,112.99,0
51.30000000000002,35.20000000000001,3.523937666666667,0.2662555998316523,9.7,0
51.40000000000002,35.20000000000001,3.5254616666666667,0.2686246962149496,9.7,0
51.50000000000002,35.20000000000001,3.5267915238095235,0.2720356547569961,9.7,0
51.60000000000002,35.20000000000001,3.5290209523809524,0.2793797134526627,9.7,0
51.70000000000002,35.20000000000001,3.531803523809524,0.2902271100729864,9.7,0
51.800000000000026,35.20000000000001,3.5351727619047617,0.3038892370732334,119.85,1
51.90000000000003,35.20000000000001,3.538592857142857,0.3178191031130042,119.85,1
52.00000000000003,35.20000000000001,3.541395238095238,0.3295866596965709,119.85,1
52.10000000000003,35.20000000000001,3.543816190476191,0.3391268977515791,119.85,1
52.20000000000003,35.20000000000001,3.5460871428571425,0.3478399406140635,119.85,1
52.30000000000003,35.20000000000001,3.547298857142857,0.356234983472424,119.85,1
52.400000000000034,35.20000000000001,3.5459202857142857,0.363033039563867,114.32,1
52.50000000000004,35.20000000000001,3.5411295238095235,0.366569479944849,114.32,1
52.60000000000004,35.20000000000001,3.5332796190476192,0.3659574042420617,114.32,0
52.70000000000004,35.20000000000001,3.523902857142857,0.3618344165847053,114.32,0
52.80000000000004,35.20000000000001,3.5143434285714283,0.3557669433473279,114.32,0
52.90000000000004,35.20000000000001,3.505205428571428,0.3492866177147928,114.32,0
53.00000000000004,35.20000000000001,3.496491714285714,0.3428842731088583,114.32,0
53.10000000000005,35.20000000000001,3.4864778095238096,0.3345717793702341,114.32,0
53.200000000000045,35.20000000000001,3.474360952380952,0.3229147969373267,114.32,0
53.30000000000005,35.20000000000001,3.462563523809524,0.3097223810759153,114.32,0
53.40000000000005,35.20000000000001,3.45395961904762,0.299141141731942,114.32,0
53.50000000000005,35.20000000000001,3.4487269523809525,0.2922480941740717,110.44,0
53.60000000000005,35.20000000000001,3.4447676190476195,0.2874755894458069,110.44,0
53.70000000000005,35.20000000000001,3.442470761904762,0.2840594410270449,110.44,0
53.80000000000005,35.20000000000001,3.442659714285714,0.2814290322894238,110.44,0
53.900000000000055,35.20000000000001,3.4435172,0.2799102380633064,110.44,0
54.00000000000006,35.20000000000001,3.4455733333333334,0.2798823868289663,110.44,0
54.10000000000006,35.20000000000001,3.499064840223564,0.0,110.44,0
49.9,35.30000000000001,3.513232666666667,0.2644457025494421,97.7,0
50.0,35.30000000000001,3.5128288333333337,0.2658662132053999,20.84,0
50.1,35.30000000000001,3.51247,0.2671965717468721,20.84,0
50.2,35.30000000000001,3.5112504444444443,0.2710804236669702,20.84,0
50.3,35.30000000000001,3.508771555555556,0.2725707263418692,20.84,0
50.400000000000006,35.30000000000001,3.504868444444444,0.2716122744965686,20.84,0
50.50000000000001,35.30000000000001,3.502988111111111,0.2707343016581288,112.99,0
50.60000000000001,35.30000000000001,3.5046973333333336,0.2709115054720044,112.99,0
50.70000000000001,35.30000000000001,3.5088644444444443,0.2713340090218328,112.99,0
50.80000000000001,35.30000000000001,3.5129078888888894,0.2700352063191446,112.99,0
50.90000000000001,35.30000000000001,3.514493238095238,0.2667951263234098,112.99,0
51.000000000000014,35.30000000000001,3.516634952380952,0.2634321855876332,112.99,0
51.100000000000016,35.30000000000001,3.518362,0.261019705827464,112.99,0
51.20000000000002,35.30000000000001,3.5201303333333334,0.2606870058068712,112.99,0
51.30000000000002,35.30000000000001,3.521824111111111,0.2619743450634056,9.7,0
51.40000000000002,35.30000000000001,3.5238564444444447,0.2652568096260159,9.7,0
51.50000000000002,35.30000000000001,3.5255877142857144,0.2696229399263398,9.7,0
51.60000000000002,35.30000000000001,3.5287346666666664,0.2784574124036373,9.7,0
51.70000000000002,35.30000000000001,3.532755904761905,0.2906284948347376,9.7,0
51.800000000000026,35.30000000000001,3.5367879047619044,0.3044910856426417,9.7,1
51.90000000000003,35.30000000000001,3.5398518095238094,0.3176024670478681,9.7,1
52.00000000000003,35.30000000000001,3.5415566666666667,0.32818717812832,9.7,1
52.10000000000003,35.30000000000001,3.5425194285714285,0.3367291087539477,9.7,1
52.20000000000003,35.30000000000001,3.543142571428571,0.3446060600629144,9.7,1
52.30000000000003,35.30000000000001,3.5424882857142856,0.3517939666242261,119.85,1
52.400000000000034,35.30000000000001,3.5392268571428573,0.3567385670579068,114.32,1
52.50000000000004,35.30000000000001,3.532999904761905,0.3583659065589038,114.32,1
52.60000000000004,35.30000000000001,3.524435714285714,0.3566502759607955,114.32,0
52.70000000000004,35.30000000000001,3.514787523809524,0.3521794007616582,114.32,0
52.80000000000004,35.30000000000001,3.5051699047619045,0.3460357960028685,114.32,0
52.90000000000004,35.30000000000001,3.4961361904761907,0.3394909388542204,114.32,0
53.00000000000004,35.30000000000001,3.487419333333333,0.3329112097715358,114.32,0
53.10000000000005,35.30000000000001,3.476840476190476,0.3243886572656244,114.32,0
53.200000000000045,35.30000000000001,3.463963619047619,0.3126532051375627,114.32,0
53.30000000000005,35.30000000000001,3.451685809523809,0.2998552680088855,114.32,0
53.40000000000005,35.30000000000001,3.4440743809523813,0.2905680750777395,114.32,0
53.50000000000005,35.30000000000001,3.4403362857142854,0.2852330079014111,110.44,0
53.60000000000005,35.30000000000001,3.438454476190476,0.2824120751569143,110.44,0
53.70000000000005,35.30000000000001,3.438394761904762,0.2808348447570805,110.44,0
53.80000000000005,35.30000000000001,3.4407890476190475,0.2798508418318955,110.44,0
53.900000000000055,35.30000000000001,3.4430422666666667,0.2792871584756116,110.44,0
54.00000000000006,35.30000000000001,3.445288666666667,0.2795949968778997,110.44,0
54.10000000000006,35.30000000000001,3.499064840223564,0.0,110.44,0
49.9,35.40000000000001,3.5096146666666663,0.2717551805811748,13.85,0
50.0,35.40000000000001,3.5088165000000004,0.2712817523529417,13.85,0
50.1,35.40000000000001,3.508224333333333,0.2716626785965808,13.85,0
50.2,35.40000000000001,3.5061006666666668,0.2726695195990078,20.84,0
50.3,35.40000000000001,3.503389111111112,0.2721751994426477,20.84,0
50.400000000000006,35.40000000000001,3.500644111111112,0.2707537110668935,20.84,0
50.50000000000001,35.40000000000001,3.500806222222222,0.2702258931554348,112.99,0
50.60000000000001,35.40000000000001,3.5040454444444444,0.2701964955310187,112.99,0
50.70000000000001,35.40000000000001,3.508293555555556,0.2692861917813799,112.99,0
50.80000000000001,35.40000000000001,3.5103621904761906,0.2666200054228303,112.99,0
50.90000000000001,35.40000000000001,3.5128225714285715,0.2628748463394613,112.99,0
51.000000000000014,35.40000000000001,3.5149049523809524,0.2596030722713874,112.99,0
51.100000000000016,35.40000000000001,3.517569142857143,0.2585621877212296,112.99,0
51.20000000000002,35.40000000000001,3.5196818095238096,0.2590897674003272,32.07,0
51.30000000000002,35.40000000000001,3.521184444444444,0.2607000053595377,9.7,0
51.40000000000002,35.40000000000001,3.522998777777778,0.2644870806012198,9.7,0
51.50000000000002,35.40000000000001,3.526102777777778,0.2711611379600192,9.7,0
51.60000000000002,35.40000000000001,3.529094761904762,0.2792688848561531,9.7,0
51.70000000000002,35.40000000000001,3.5327957142857143,0.2905139796375335,9.7,1
51.800000000000026,35.40000000000001,3.535910285714285,0.3025385945786782,9.7,1
51.90000000000003,35.40000000000001,3.537889238095238,0.3139375349822396,9.7,1
52.00000000000003,35.40000000000001,3.538666571428572,0.3235548087388201,9.7,1
52.10000000000003,35.40000000000001,3.538668285714286,0.3314034218030331,9.7,1
52.20000000000003,35.40000000000001,3.5379102857142857,0.3381174868279806,9.7,1
52.30000000000003,35.40000000000001,3.535286095238096,0.3434044356751433,9.7,1
52.400000000000034,35.40000000000001,3.529911238095238,0.3461627326986954,26.01,1
52.50000000000004,35.40000000000001,3.5223560952380955,0.3462341476529203,114.32,1
52.60000000000004,35.40000000000001,3.5134128571428573,0.3440114835531276,114.32,0
52.70000000000004,35.40000000000001,3.503666095238095,0.3396017181514137,114.32,0
52.80000000000004,35.40000000000001,3.4938903809523807,0.3335048174651984,114.32,0
52.90000000000004,35.40000000000001,3.4845822857142856,0.3266709523454837,114.32,0
53.00000000000004,35.40000000000001,3.475489714285714,0.3195832602582419,114.32,0
53.10000000000005,35.40000000000001,3.464659047619048,0.3108063081118278,114.32,0
53.200000000000045,35.40000000000001,3.4518230476190475,0.2994196790403288,114.32,0
53.30000000000005,35.40000000000001,3.440097809523809,0.2879313419858476,114.32,0
53.40000000000005,35.40000000000001,3.433480952380952,0.2802992788070625,114.32,0
53.50000000000005,35.40000000000001,3.4309710476190483,0.276583526808896,110.44,0
53.60000000000005,35.40000000000001,3.430960952380953,0.2754011615960149,110.44,0
53.70000000000005,35.40000000000001,3.433108666666667,0.2754285588161957,110.44,0
53.80000000000005,35.40000000000001,3.4375041904761905,0.2760291764216203,110.44,0
53.900000000000055,35.40000000000001,3.4409732,0.2766550859775091,110.44,0
54.00000000000006,35.40000000000001,3.442909666666667,0.2766905839937303,110.44,0
54.10000000000006,35.40000000000001,3.499064840223564,0.0,110.44,0
49.9,35.500000000000014,3.5049726666666667,0.278368395976891,13.85,0
50.0,35.500000000000014,3.504708666666667,0.2767533628183664,13.85,0
50.1,35.500000000000014,3.503767714285714,0.2764372484167351,13.85,0
50.2,35.500000000000014,3.502299888888889,0.2761544790839339,13.85,0
50.3,35.500000000000014,3.5005152222222224,0.2750697751129828,13.85,0
50.400000000000006,35.500000000000014,3.499814444444444,0.273906600175725,13.85,0
50.50000000000001,35.500000000000014,3.501880333333333,0.2735636110694089,120.74,1
50.60000000000001,35.500000000000014,3.505632888888889,0.2729265249405354,120.74,1
50.70000000000001,35.500000000000014,3.509193111111111,0.2709255133202497,120.74,0
50.80000000000001,35.500000000000014,3.5112564761904763,0.2682159992444124,120.74,0
50.90000000000001,35.500000000000014,3.513061523809524,0.2640580136115734,120.74,0
51.000000000000014,35.500000000000014,3.5155044761904763,0.2611246155232877,32.07,0
51.100000000000016,35.500000000000014,3.518540476190476,0.2602916973914949,32.07,0
51.20000000000002,35.500000000000014,3.520686571428572,0.2608328051104566,32.07,0
51.30000000000002,35.500000000000014,3.522465619047619,0.2630702694746334,32.07,0
51.40000000000002,35.500000000000014,3.524780571428572,0.2675993524390395,9.7,1
51.50000000000002,35.500000000000014,3.5273104444444447,0.2737611311562492,9.7,1
51.60000000000002,35.500000000000014,3.5297961904761905,0.2810657486541241,9.7,1
51.70000000000002,35.500000000000014,3.531655047619048,0.2900153064535682,9.7,0
51.800000000000026,35.500000000000014,3.5327008571428573,0.299448368702865,9.7,1
51.90000000000003,35.500000000000014,3.5333101904761905,0.3089163851023624,9.7,1
52.00000000000003,35.500000000000014,3.5334566666666665,0.3175063591210428,9.7,1
52.10000000000003,35.500000000000014,3.5327941904761904,0.3243294040630705,9.7,0
52.20000000000003,35.500000000000014,3.5306668571428568,0.3293125109715563,9.7,1
52.30000000000003,35.500000000000014,3.526192285714286,0.3323542478592388,26.01,1
52.400000000000034,35.500000000000014,3.5193577142857144,0.3333450608490886,26.01,1
52.50000000000004,35.500000000000014,3.5112790476190474,0.3327332620565414,26.01,1
52.60000000000004,35.500000000000014,3.502425428571428,0.3306676700240004,26.01,1
52.70000000000004,35.500000000000014,3.492819047619048,0.3267717825390147,121.35,1
52.80000000000004,35.500000000000014,3.482962857142857,0.3210482082824945,121.35,0
52.90000000000004,35.500000000000014,3.473416761904762,0.3141913952594676,121.35,0
53.00000000000004,35.500000000000014,3.4641652380952377,0.3068493653619973,121.35,0
53.10000000000005,35.500000000000014,3.453592857142857,0.2980041619667465,121.35,0
53.200000000000045,35.500000000000014,3.4414988571428573,0.2872304355502986,121.35,0
53.30000000000005,35.500000000000014,3.430784476190476,0.2771016038788353,121.35,0
53.40000000000005,35.500000000000014,3.42476819047619,0.270821966956238,121.35,0
53.50000000000005,35.500000000000014,3.423109047619048,0.2682505828853845,113.8,0
53.60000000000005,35.500000000000014,3.424689809523809,0.2680280279671154,113.8,0
53.70000000000005,35.500000000000014,3.428787047619048,0.2692180265840229,113.8,0
53.80000000000005,35.500000000000014,3.4347347619047617,0.2712690580411176,113.8,0
53.900000000000055,35.500000000000014,3.4388744,0.2729227466130267,113.8,0
54.00000000000006,35.500000000000014,3.4411303333333336,0.2733380875036555,113.8,0
54.10000000000006,35.500000000000014,3.499064840223564,0.0,113.8,0
49.9,35.600000000000016,3.5023526666666664,0.2822181127793902,13.85,0
50.0,35.600000000000016,3.5033291666666675,0.2816009077009558,13.85,0
50.1,35.600000000000016,3.502989333333333,0.2812934245862762,13.85,0
50.2,35.600000000000016,3.5022103333333336,0.2807317175825363,13.85,0
50.3,35.600000000000016,3.5014207777777777,0.2796266513398716,13.85,0
50.400000000000006,35.600000000000016,3.501962555555556,0.2786432362582716,13.85,0
50.50000000000001,35.600000000000016,3.5044998888888887,0.2780893617828743,120.74,1
50.60000000000001,35.600000000000016,3.5080022222222227,0.2771740967042583,120.74,1
50.70000000000001,35.600000000000016,3.5109494444444445,0.2750122597929016,120.74,1
50.80000000000001,35.600000000000016,3.5128537142857144,0.2723322422558193,120.74,0
50.90000000000001,35.600000000000016,3.515700095238095,0.2690357313049155,120.74,0
51.000000000000014,35.600000000000016,3.519067523809524,0.2666970981768283,32.07,0
51.100000000000016,35.600000000000016,3.5223573333333333,0.265793130508455,32.07,0
51.20000000000002,35.600000000000016,3.524784380952381,0.2662898287790934,32.07,0
51.30000000000002,35.600000000000016,3.526362095238095,0.2684146119351122,32.07,0
51.40000000000002,35.600000000000016,3.527793714285714,0.2725683830352001,32.07,1
51.50000000000002,35.600000000000016,3.529328285714286,0.2783353096613928,9.7,1
51.60000000000002,35.600000000000016,3.5301467619047617,0.2849617625813178,9.7,1
51.70000000000002,35.600000000000016,3.52984575,0.29130772404855,9.7,0
51.800000000000026,35.600000000000016,3.527866095238095,0.2967144738986679,9.7,0
51.90000000000003,35.600000000000016,3.5270280952380952,0.3038895467228621,9.7,0
52.00000000000003,35.600000000000016,3.526237333333334,0.310722481042947,9.7,0
52.10000000000003,35.600000000000016,3.524301809523809,0.3158041605238255,9.7,0
52.20000000000003,35.600000000000016,3.520540476190476,0.3187060358432199,26.01,0
52.30000000000003,35.600000000000016,3.514939333333333,0.3198182859383239,26.01,1
52.400000000000034,35.600000000000016,3.5081790476190475,0.3199115007494586,26.01,1
52.50000000000004,35.600000000000016,3.50082,0.3193105766287692,26.01,1
52.60000000000004,35.600000000000016,3.492672,0.3176630133705838,26.01,1
52.70000000000004,35.600000000000016,3.4835205714285715,0.3145274105818115,121.35,1
52.80000000000004,35.600000000000016,3.473999047619048,0.3097541238994019,121.35,0
52.90000000000004,35.600000000000016,3.464817619047619,0.3036905896566337,121.35,0
53.00000000000004,35.600000000000016,3.456164,0.2969852284046505,121.35,0
53.10000000000005,35.600000000000016,3.446613809523809,0.2888123119346458,121.35,0
53.200000000000045,35.600000000000016,3.4355425714285714,0.2788298266126218,121.35,0
53.30000000000005,35.600000000000016,3.425619619047619,0.2696076416825388,121.35,0
53.40000000000005,35.600000000000016,3.4196628571428573,0.2640631482514544,121.35,0
53.50000000000005,35.600000000000016,3.4186235238095235,0.2621973433373367,121.35,0
53.60000000000005,35.600000000000016,3.421397142857143,0.2623709789447013,113.8,0
53.70000000000005,35.600000000000016,3.426885523809524,0.264118076549688,113.8,0
53.80000000000005,35.600000000000016,3.4337669523809526,0.2671618082112043,113.8,0
53.900000000000055,35.600000000000016,3.4381372,0.2694674167583517,113.8,0
54.00000000000006,35.600000000000016,3.441057666666667,0.2707245652108138,113.8,0
54.10000000000006,35.600000000000016,3.499064840223564,0.0,113.8,0
49.9,35.70000000000002,3.505602666666667,0.2870489072625541,13.85,0
50.0,35.70000000000002,3.506362166666666,0.2862702062217722,13.85,0
50.1,35.70000000000002,3.5062544761904766,0.2858003749177203,13.85,0
50.2,35.70000000000002,3.505251222222222,0.2847976625943306,13.85,0
50.3,35.70000000000002,3.504574666666666,0.2836640676058972,13.85,0
50.400000000000006,35.70000000000002,3.505712222222222,0.2832695747429187,120.74,0
50.50000000000001,35.70000000000002,3.507717222222222,0.2826627482281303,120.74,1
50.60000000000001,35.70000000000002,3.5102116666666667,0.2814250196750639,120.74,1
50.70000000000001,35.70000000000002,3.5132334444444444,0.2794491478477595,120.74,0
50.80000000000001,35.70000000000002,3.516222857142857,0.277335565193314,120.74,0
50.90000000000001,35.70000000000002,3.5205994285714284,0.274797721254959,120.74,0
51.000000000000014,35.70000000000002,3.524774857142857,0.2728312518899625,32.07,0
51.100000000000016,35.70000000000002,3.527963047619048,0.2717195878819723,32.07,0
51.20000000000002,35.70000000000002,3.529701619047619,0.2716573307059112,32.07,0
51.30000000000002,35.70000000000002,3.53062619047619,0.2735305398218201,32.07,0
51.40000000000002,35.70000000000002,3.530853523809524,0.2773284628606347,32.07,1
51.50000000000002,35.70000000000002,3.530084380952381,0.2818977066425708,32.07,1
51.60000000000002,35.70000000000002,3.5283624761904764,0.2867043107011232,123.49,1
51.70000000000002,35.70000000000002,3.525654095238095,0.2915823975383854,123.49,0
51.800000000000026,35.70000000000002,3.5229664166666663,0.2959754947205184,123.49,0
51.90000000000003,35.70000000000002,3.519791619047619,0.2996266225681862,123.49,1
52.00000000000003,35.70000000000002,3.5173780952380955,0.3041948093515182,123.49,1
52.10000000000003,35.70000000000002,3.513630761904762,0.3071540481282844,123.49,1
52.20000000000003,35.70000000000002,3.5085098095238094,0.3081297954400135,26.01,1
52.30000000000003,35.70000000000002,3.502875333333334,0.3080378254030816,26.01,1
52.400000000000034,35.70000000000002,3.4972453333333338,0.3078186999396542,26.01,1
52.50000000000004,35.70000000000002,3.491181238095238,0.3072568220251919,26.01,1
52.60000000000004,35.70000000000002,3.4840610476190474,0.3058998797821933,26.01,1
52.70000000000004,35.70000000000002,3.47569,0.3035820255222791,121.35,1
52.80000000000004,35.70000000000002,3.466967428571429,0.3000728097950887,121.35,0
52.90000000000004,35.70000000000002,3.4587265714285715,0.2952576773966037,121.35,0
53.00000000000004,35.70000000000002,3.451456857142857,0.2897951179154255,121.35,0
53.10000000000005,35.70000000000002,3.4437132380952384,0.2829348859226439,121.35,0
53.200000000000045,35.70000000000002,3.4340981904761905,0.2740520169160412,121.35,0
53.30000000000005,35.70000000000002,3.424836,0.2656015068439,121.35,0
53.40000000000005,35.70000000000002,3.418834761904762,0.260486793286773,121.35,0
53.50000000000005,35.70000000000002,3.4179961904761904,0.2589264165999864,121.35,0
53.60000000000005,35.70000000000002,3.421306476190476,0.2591586952415748,113.8,0
53.70000000000005,35.70000000000002,3.427291142857144,0.2608727414895382,113.8,0
53.80000000000005,35.70000000000002,3.434227142857143,0.2641316900013027,113.8,0
53.900000000000055,35.70000000000002,3.4384164,0.2666842668687083,113.8,0
54.00000000000006,35.70000000000002,3.441436333333333,0.2682090693148999,113.8,0
54.10000000000006,35.70000000000002,3.499064840223564,0.0,113.8,0
49.9,35.80000000000002,3.511527333333333,0.2914218531548327,13.85,0
50.0,35.80000000000002,3.5110506666666668,0.2899246482029682,13.85,0
50.1,35.80000000000002,3.510108380952381,0.2889225243841646,13.85,0
50.2,35.80000000000002,3.5091946666666667,0.287914517838546,13.85,0
50.3,35.80000000000002,3.5081035555555555,0.286906364032946,13.85,0
50.400000000000006,35.80000000000002,3.5091975555555552,0.2872223591153299,120.74,0
50.50000000000001,35.80000000000002,3.5111508888888885,0.2871128418763047,120.74,0
50.60000000000001,35.80000000000002,3.513735666666667,0.2858168058420984,120.74,0
50.70000000000001,35.80000000000002,3.516932666666667,0.2841953937017119,120.74,0
50.80000000000001,35.80000000000002,3.5219307619047617,0.281692103575462,120.74,0
50.90000000000001,35.80000000000002,3.5274341904761903,0.2792709353159779,120.74,0
51.000000000000014,35.80000000000002,3.531792095238095,0.2773721232588032,32.07,0
51.100000000000016,35.80000000000002,3.534227142857143,0.2760164567917204,32.07,0
51.20000000000002,35.80000000000002,3.534681523809524,0.2755978078447109,32.07,0
51.30000000000002,35.80000000000002,3.533723142857143,0.2769828657164624,32.07,0
51.40000000000002,35.80000000000002,3.530938761904762,0.2797073888663905,32.07,1
51.50000000000002,35.80000000000002,3.527660571428572,0.2833795252256562,32.07,1
51.60000000000002,35.80000000000002,3.5237778095238093,0.2869534074856878,123.49,1
51.70000000000002,35.80000000000002,3.5198094285714285,0.2906189515526813,123.49,0
51.800000000000026,35.80000000000002,3.5160021666666665,0.2936535597257226,123.49,1
51.90000000000003,35.80000000000002,3.5128150000000007,0.297560708687256,123.49,1
52.00000000000003,35.80000000000002,3.509025916666667,0.300453495412764,123.49,1
52.10000000000003,35.80000000000002,3.502938095238095,0.3003293736468514,123.49,1
52.20000000000003,35.80000000000002,3.4976899047619048,0.3003378304277916,26.01,1
52.30000000000003,35.80000000000002,3.4929407619047623,0.300037675002278,26.01,1
52.400000000000034,35.80000000000002,3.488502857142857,0.2997559508627392,26.01,1
52.50000000000004,35.80000000000002,3.483520285714286,0.2991054605453406,26.01,0
52.60000000000004,35.80000000000002,3.4774128571428573,0.2978920805035261,26.01,0
52.70000000000004,35.80000000000002,3.470093714285714,0.296076682860962,121.35,0
52.80000000000004,35.80000000000002,3.462428571428571,0.2933680111636662,121.35,0
52.90000000000004,35.80000000000002,3.4554693333333333,0.2894478940457585,121.35,0
53.00000000000004,35.80000000000002,3.4498889523809524,0.2849422027120822,121.35,0
53.10000000000005,35.80000000000002,3.444336666666666,0.2793970054463135,121.35,0
53.200000000000045,35.80000000000002,3.4368393333333334,0.271963975221775,121.35,0
53.30000000000005,35.80000000000002,3.4286448571428565,0.2645731658230311,121.35,0
53.40000000000005,35.80000000000002,3.422836476190476,0.2598887923660524,121.35,0
53.50000000000005,35.80000000000002,3.421631142857143,0.2582235502031748,121.35,0
53.60000000000005,35.80000000000002,3.424572095238095,0.2582802656547399,113.8,0
53.70000000000005,35.80000000000002,3.429889238095238,0.2596556639496892,113.8,0
53.80000000000005,35.80000000000002,3.435655619047619,0.2624487861463865,113.8,0
53.900000000000055,35.80000000000002,3.439151333333333,0.2648463015338086,113.8,0
54.00000000000006,35.80000000000002,3.441335,0.2662405742046895,113.8,0
54.10000000000006,35.80000000000002,3.499064840223564,0.0,113.8,0
49.9,35.90000000000002,3.514688666666667,0.2932075327361899,13.85,0
50.0,35.90000000000002,3.513327166666666,0.291773854635836,13.85,0
50.1,35.90000000000002,3.512329809523809,0.2909338696802632,13.85,0
50.2,35.90000000000002,3.510155,0.2893169589649323,13.85,0
50.3,35.90000000000002,3.508989222222222,0.2886446962118476,13.85,0
50.400000000000006,35.90000000000002,3.5108746666666666,0.289794375650043,120.74,0
50.50000000000001,35.90000000000002,3.5138944444444444,0.2902455642685264,120.74,1
50.60000000000001,35.90000000000002,3.517876555555556,0.2889357546538284,120.74,1
50.70000000000001,35.90000000000002,3.522366095238095,0.287117732754938,120.74,1
50.80000000000001,35.90000000000002,3.528302761904762,0.2842454020075458,120.74,0
50.90000000000001,35.90000000000002,3.534316,0.2820111945178153,120.74,0
51.000000000000014,35.90000000000002,3.538586761904762,0.2805780986861519,32.07,0
51.100000000000016,35.90000000000002,3.5396339047619048,0.2791934941938683,32.07,0
51.20000000000002,35.90000000000002,3.537824476190476,0.2783964792138493,32.07,0
51.30000000000002,35.90000000000002,3.53384,0.2789069428403274,32.07,1
51.40000000000002,35.90000000000002,3.528106095238096,0.2804840438545437,32.07,1
51.50000000000002,35.90000000000002,3.521863809523809,0.2825522671048718,32.07,1
51.60000000000002,35.90000000000002,3.516569047619048,0.2853662474773125,123.49,1
51.70000000000002,35.90000000000002,3.511972857142857,0.2886808675596199,123.49,0
51.800000000000026,35.90000000000002,3.507823142857143,0.2920688688710449,123.49,1
51.90000000000003,35.90000000000002,3.503211666666667,0.2941102284619842,123.49,1
52.00000000000003,35.90000000000002,3.49872275,0.2956788662847082,123.49,1
52.10000000000003,35.90000000000002,3.49401325,0.2961453506698588,123.49,1
52.20000000000003,35.90000000000002,3.489788083333333,0.2963627472337737,26.01,1
52.30000000000003,35.90000000000002,3.4856041904761903,0.2961643113783069,26.01,1
52.400000000000034,35.90000000000002,3.482097238095238,0.2961794923508695,26.01,0
52.50000000000004,35.90000000000002,3.4779793333333333,0.2955809890184841,26.01,0
52.60000000000004,35.90000000000002,3.4728661904761906,0.2943997064842933,26.01,0
52.70000000000004,35.90000000000002,3.466746952380953,0.2925913451353118,121.35,0
52.80000000000004,35.90000000000002,3.4602534285714284,0.2899563758856442,121.35,0
52.90000000000004,35.90000000000002,3.454910952380952,0.2865540786725231,121.35,0
53.00000000000004,35.90000000000002,3.451018761904762,0.2826151178263714,121.35,0
53.10000000000005,35.90000000000002,3.4475201904761907,0.2780179109865495,121.35,0
53.200000000000045,35.90000000000002,3.442266857142857,0.2720505676699131,121.35,0
53.30000000000005,35.90000000000002,3.435548952380952,0.2658574485317226,121.35,0
53.40000000000005,35.90000000000002,3.430195047619048,0.2616030838388963,121.35,0
53.50000000000005,35.90000000000002,3.428405238095238,0.2595605405761909,17.83,0
53.60000000000005,35.90000000000002,3.430345047619048,0.2592161715318873,113.8,0
53.70000000000005,35.90000000000002,3.4341261904761904,0.260149874215058,113.8,0
53.80000000000005,35.90000000000002,3.437852952380952,0.2622628948245659,113.8,0
53.900000000000055,35.90000000000002,3.4401702666666667,0.2642506203772381,113.8,0
54.00000000000006,35.90000000000002,3.441262,0.2655993569596721,113.8,0
54.10000000000006,35.90000000000002,3.499064840223564,0.0,113.8,0
49.9,36.00000000000002,3.5139633333333338,0.2939420925066765,13.85,0
50.0,36.00000000000002,3.5128666666666666,0.2922624635022142,13.85,0
50.1,36.00000000000002,3.5118138666666665,0.2912507306632289,13.85,0
50.2,36.00000000000002,3.509925866666668,0.2899459275084819,13.85,0
50.3,36.00000000000002,3.509217166666667,0.2895580553204726,13.85,1
50.400000000000006,36.00000000000002,3.5111981666666665,0.2907823606790981,120.74,1
50.50000000000001,36.00000000000002,3.5150840000000003,0.2915321538101334,120.74,1
50.60000000000001,36.00000000000002,3.5201445,0.2902553384043154,120.74,1
50.70000000000001,36.00000000000002,3.5249884,0.2883924852340863,120.74,1
50.80000000000001,36.00000000000002,3.5314610666666666,0.285346005979349,120.74,1
50.90000000000001,36.00000000000002,3.5377601333333333,0.2832614939637913,120.74,1
51.000000000000014,36.00000000000002,3.5417416,0.2818950855462249,32.07,1
51.100000000000016,36.00000000000002,3.5428493333333337,0.2810439751845588,32.07,1
51.20000000000002,36.00000000000002,3.5400405333333334,0.2803992638481855,32.07,1
51.30000000000002,36.00000000000002,3.5339508,0.2803057077890474,32.07,1
51.40000000000002,36.00000000000002,3.5258374666666668,0.2804879505613905,32.07,1
51.50000000000002,36.00000000000002,3.5182666666666664,0.281420653188325,32.07,0
51.60000000000002,36.00000000000002,3.5122665333333334,0.2837279757189792,123.49,0
51.70000000000002,36.00000000000002,3.5072412,0.2870686265297497,123.49,0
51.800000000000026,36.00000000000002,3.502561866666667,0.290386741913299,123.49,1
51.90000000000003,36.00000000000002,3.4980336,0.2927053129993556,123.49,1
52.00000000000003,36.00000000000002,3.493516533333334,0.2936900911837651,123.49,1
52.10000000000003,36.00000000000002,3.489370933333334,0.2941011755338562,123.49,1
52.20000000000003,36.00000000000002,3.485937733333333,0.2947423302782834,26.01,1
52.30000000000003,36.00000000000002,3.482842133333333,0.2953471295849247,26.01,1
52.400000000000034,36.00000000000002,3.479486,0.2953524659614893,26.01,1
52.50000000000004,36.00000000000002,3.475824,0.2949013866879075,26.01,0
52.60000000000004,36.00000000000002,3.4711803333333333,0.2937415308136789,26.01,0
52.70000000000004,36.00000000000002,3.4655309999999995,0.291819658855415,121.35,0
52.80000000000004,36.00000000000002,3.4597043333333333,0.2891215767194892,121.35,0
52.90000000000004,36.00000000000002,3.455003,0.2858451063058423,121.35,0
53.00000000000004,36.00000000000002,3.451969333333333,0.2821323162383191,121.35,0
53.10000000000005,36.00000000000002,3.4494781666666663,0.2779065702286759,121.35,0
53.200000000000045,36.00000000000002,3.445241,0.272557668619944,121.35,0
53.30000000000005,36.00000000000002,3.4391861666666665,0.2668463265538758,121.35,0
53.40000000000005,36.00000000000002,3.4339776666666664,0.2627339189906826,17.83,0
53.50000000000005,36.00000000000002,3.431821333333333,0.2604775593208337,17.83,0
53.60000000000005,36.00000000000002,3.433367833333333,0.2599817797943038,17.83,0
53.70000000000005,36.00000000000002,3.4364000000000003,0.2607077706349565,113.8,0
53.80000000000005,36.00000000000002,3.439034,0.262524638692322,113.8,0
53.900000000000055,36.00000000000002,3.4407762222222225,0.2645103249721587,113.8,0
54.00000000000006,36.00000000000002,3.441364,0.2660927179278459,113.8,0
54.10000000000006,36.00000000000002,3.499064840223564,0.0,113.8,0
49.9,36.10000000000002,3.499064840223564,0.0,102.56,0
50.0,36.10000000000002,3.5139633333333338,0.2939420925066765,13.85,0
50.1,36.10000000000002,3.5119556666666663,0.2922752070510681,13.85,0
50.2,36.10000000000002,3.5086439999999994,0.2902602819913056,13.85,0
50.3,36.10000000000002,3.5079420000000003,0.2898333965606326,120.74,1
50.400000000000006,36.10000000000002,3.5107776666666664,0.2911710637450609,120.74,1
50.50000000000001,36.10000000000002,3.515703333333333,0.2920166413951917,120.74,1
50.60000000000001,36.10000000000002,3.5218746666666667,0.2907302737334141,120.74,1
50.70000000000001,36.10000000000002,3.5291646666666665,0.2880835197172244,120.74,1
50.80000000000001,36.10000000000002,3.5352640000000006,0.2848055733643532,120.74,1
50.90000000000001,36.10000000000002,3.5412966666666663,0.2834967719768484,120.74,1
51.000000000000014,36.10000000000002,3.5454003333333337,0.283547824294414,32.07,1
51.100000000000016,36.10000000000002,3.5437646666666667,0.282439858134611,32.07,1
51.20000000000002,36.10000000000002,3.5381136666666664,0.281498762622055,32.07,1
51.30000000000002,36.10000000000002,3.529690333333333,0.2807484683511094,32.07,1
51.40000000000002,36.10000000000002,3.520381333333333,0.2800641605626487,32.07,1
51.50000000000002,36.10000000000002,3.5126833333333334,0.2809766373883823,23.98,0
51.60000000000002,36.10000000000002,3.506806666666668,0.2839693117026058,123.49,0
51.70000000000002,36.10000000000002,3.5015653333333345,0.2874954404725937,123.49,1
51.800000000000026,36.10000000000002,3.4967293333333336,0.2901781033176677,123.49,1
51.90000000000003,36.10000000000002,3.492320666666667,0.2917521451854122,123.49,1
52.00000000000003,36.10000000000002,3.4884576666666667,0.2925459347195902,123.49,1
52.10000000000003,36.10000000000002,3.485240333333333,0.293270950900407,26.01,1
52.20000000000003,36.10000000000002,3.4824650000000004,0.2944579158766292,26.01,1
52.30000000000003,36.10000000000002,3.479738666666667,0.2954994738320283,26.01,1
52.400000000000034,36.10000000000002,3.4766756666666665,0.2955346738586376,26.01,1
52.50000000000004,36.10000000000002,3.472832,0.2946257591746363,26.01,1
52.60000000000004,36.10000000000002,3.470652,0.2944893185743116,26.01,0
52.70000000000004,36.10000000000002,3.465010666666667,0.2924648775211225,121.35,0
52.80000000000004,36.10000000000002,3.4591266666666667,0.2894752175333763,121.35,0
52.90000000000004,36.10000000000002,3.454676,0.2862999606598392,121.35,0
53.00000000000004,36.10000000000002,3.4524806666666668,0.2829100328208483,121.35,0
53.10000000000005,36.10000000000002,3.4511126666666665,0.2789680259508395,121.35,0
53.200000000000045,36.10000000000002,3.4475613333333333,0.2735177730717508,17.83,0
53.30000000000005,36.10000000000002,3.4411193333333334,0.2679457251704839,17.83,0
53.40000000000005,36.10000000000002,3.435382,0.2635849933782805,17.83,0
53.50000000000005,36.10000000000002,3.432855333333333,0.2612854561628663,17.83,0
53.60000000000005,36.10000000000002,3.434877333333334,0.260856221331994,17.83,0
53.70000000000005,36.10000000000002,3.4379546666666663,0.2613324434217601,113.8,0
53.80000000000005,36.10000000000002,3.439804666666668,0.2632021425262816,113.8,0
53.900000000000055,36.10000000000002,3.441364,0.2660927179278459,113.8,0
54.00000000000006,36.10000000000002,3.441364,0.2660927179278459,113.8,0
54.10000000000006,36.10000000000002,3.499064840223564,0.0,113.8,0
49.9,36.20000000000002,3.499064840223564,0.0,98.51,0
50.0,36.20000000000002,3.499064840223564,0.0,98.51,0
50.1,36.20000000000002,3.499064840223564,0.0,98.51,0
50.2,36.20000000000002,3.499064840223564,0.0,98.51,0
50.3,36.20000000000002,3.499064840223564,0.0,120.74,0
50.400000000000006,36.20000000000002,3.499064840223564,0.0,120.74,1
50.50000000000001,36.20000000000002,3.499064840223564,0.0,120.74,1
50.60000000000001,36.20000000000002,3.499064840223564,0.0,120.74,0
50.70000000000001,36.20000000000002,3.499064840223564,0.0,120.74,1
50.80000000000001,36.20000000000002,3.499064840223564,0.0,120.74,1
50.90000000000001,36.20000000000002,3.499064840223564,0.0,120.74,0
51.000000000000014,36.20000000000002,3.499064840223564,0.0,32.07,1
51.100000000000016,36.20000000000002,3.499064840223564,0.0,32.07,1
51.20000000000002,36.20000000000002,3.499064840223564,0.0,32.07,1
51.30000000000002,36.20000000000002,3.499064840223564,0.0,23.98,0
51.40000000000002,36.20000000000002,3.499064840223564,0.0,23.98,0
51.50000000000002,36.20000000000002,3.499064840223564,0.0,23.98,1
51.60000000000002,36.20000000000002,3.499064840223564,0.0,23.98,1
51.70000000000002,36.20000000000002,3.499064840223564,0.0,123.49,1
51.800000000000026,36.20000000000002,3.499064840223564,0.0,123.49,1
51.90000000000003,36.20000000000002,3.499064840223564,0.0,123.49,1
52.00000000000003,36.20000000000002,3.499064840223564,0.0,123.49,1
52.10000000000003,36.20000000000002,3.499064840223564,0.0,26.01,1
52.20000000000003,36.20000000000002,3.499064840223564,0.0,26.01,1
52.30000000000003,36.20000000000002,3.499064840223564,0.0,26.01,1
52.400000000000034,36.20000000000002,3.499064840223564,0.0,26.01,1
52.50000000000004,36.20000000000002,3.499064840223564,0.0,26.01,0
52.60000000000004,36.20000000000002,3.499064840223564,0.0,26.01,0
52.70000000000004,36.20000000000002,3.499064840223564,0.0,26.01,0
52.80000000000004,36.20000000000002,3.499064840223564,0.0,121.35,0
52.90000000000004,36.20000000000002,3.499064840223564,0.0,121.35,0
53.00000000000004,36.20000000000002,3.499064840223564,0.0,121.35,0
53.10000000000005,36.20000000000002,3.499064840223564,0.0,17.83,0
53.200000000000045,36.20000000000002,3.499064840223564,0.0,17.83,0
53.30000000000005,36.20000000000002,3.499064840223564,0.0,17.83,0
53.40000000000005,36.20000000000002,3.499064840223564,0.0,17.83,0
53.50000000000005,36.20000000000002,3.499064840223564,0.0,17.83,0
53.60000000000005,36.20000000000002,3.499064840223564,0.0,17.83,0
53.70000000000005,36.20000000000002,3.499064840223564,0.0,17.83,0
53.80000000000005,36.20000000000002,3.499064840223564,0.0,113.8,0
53.900000000000055,36.20000000000002,3.499064840223564,0.0,113.8,0
54.00000000000006,36.20000000000002,3.499064840223564,0.0,113.8,0
54.10000000000006,36.20000000000002,3.499064840223564,0.0,113.8,0
49.9,36.300000000000026,3.499064840223564,0.0,98.51,0
50.0,36.300000000000026,3.499064840223564,0.0,98.51,0
50.1,36.300000000000026,3.499064840223564,0.0,98.51,0
50.2,36.300000000000026,3.499064840223564,0.0,98.51,0
50.3,36.300000000000026,3.499064840223564,0.0,33.26,0
50.400000000000006,36.300000000000026,3.499064840223564,0.0,33.26,0
50.50000000000001,36.300000000000026,3.499064840223564,0.0,120.74,0
50.60000000000001,36.300000000000026,3.499064840223564,0.0,120.74,0
50.70000000000001,36.300000000000026,3.499064840223564,0.0,120.74,0
50.80000000000001,36.300000000000026,3.499064840223564,0.0,120.74,0
50.90000000000001,36.300000000000026,3.499064840223564,0.0,120.74,0
51.000000000000014,36.300000000000026,3.499064840223564,0.0,32.07,1
51.100000000000016,36.300000000000026,3.499064840223564,0.0,23.98,1
51.20000000000002,36.300000000000026,3.499064840223564,0.0,23.98,1
51.30000000000002,36.300000000000026,3.499064840223564,0.0,23.98,1
51.40000000000002,36.300000000000026,3.499064840223564,0.0,23.98,1
51.50000000000002,36.300000000000026,3.499064840223564,0.0,23.98,1
51.60000000000002,36.300000000000026,3.499064840223564,0.0,23.98,1
51.70000000000002,36.300000000000026,3.499064840223564,0.0,23.98,1
51.800000000000026,36.300000000000026,3.499064840223564,0.0,23.98,1
51.90000000000003,36.300000000000026,3.499064840223564,0.0,123.49,1
52.00000000000003,36.300000000000026,3.499064840223564,0.0,123.49,1
52.10000000000003,36.300000000000026,3.499064840223564,0.0,26.01,1
52.20000000000003,36.300000000000026,3.499064840223564,0.0,26.01,1
52.30000000000003,36.300000000000026,3.499064840223564,0.0,26.01,0
52.400000000000034,36.300000000000026,3.499064840223564,0.0,26.01,0
52.50000000000004,36.300000000000026,3.499064840223564,0.0,26.01,0
52.60000000000004,36.300000000000026,3.499064840223564,0.0,26.01,0
52.70000000000004,36.300000000000026,3.499064840223564,0.0,26.01,0
52.80000000000004,36.300000000000026,3.499064840223564,0.0,121.35,0
52.90000000000004,36.300000000000026,3.499064840223564,0.0,121.35,0
53.00000000000004,36.300000000000026,3.499064840223564,0.0,17.83,0
53.10000000000005,36.300000000000026,3.499064840223564,0.0,17.83,0
53.200000000000045,36.300000000000026,3.499064840223564,0.0,17.83,0
53.30000000000005,36.300000000000026,3.499064840223564,0.0,17.83,0
53.40000000000005,36.300000000000026,3.499064840223564,0.0,17.83,0
53.50000000000005,36.300000000000026,3.499064840223564,0.0,17.83,0
53.60000000000005,36.300000000000026,3.499064840223564,0.0,17.83,0
53.70000000000005,36.300000000000026,3.499064840223564,0.0,17.83,0
53.80000000000005,36.300000000000026,3.499064840223564,0.0,17.83,0
53.900000000000055,36.300000000000026,3.499064840223564,0.0,113.8,0
54.00000000000006,36.300000000000026,3.499064840223564,0.0,113.8,0
54.10000000000006,36.300000000000026,3.499064840223564,0.0,113.8,0
49.9,36.40000000000003,3.499064840223564,0.0,98.51,0
50.0,36.40000000000003,3.499064840223564,0.0,98.51,0
50.1,36.40000000000003,3.499064840223564,0.0,98.51,0
50.2,36.40000000000003,3.499064840223564,0.0,98.51,0
50.3,36.40000000000003,3.499064840223564,0.0,33.26,0
50.400000000000006,36.40000000000003,3.499064840223564,0.0,33.26,0
50.50000000000001,36.40000000000003,3.499064840223564,0.0,33.26,0
50.60000000000001,36.40000000000003,3.499064840223564,0.0,33.26,0
50.70000000000001,36.40000000000003,3.499064840223564,0.0,133.37,0
50.80000000000001,36.40000000000003,3.499064840223564,0.0,133.37,0
50.90000000000001,36.40000000000003,3.499064840223564,0.0,133.37,0
51.000000000000014,36.40000000000003,3.499064840223564,0.0,23.98,1
51.100000000000016,36.40000000000003,3.499064840223564,0.0,23.98,1
51.20000000000002,36.40000000000003,3.499064840223564,0.0,23.98,1
51.30000000000002,36.40000000000003,3.499064840223564,0.0,23.98,1
51.40000000000002,36.40000000000003,3.499064840223564,0.0,23.98,1
51.50000000000002,36.40000000000003,3.499064840223564,0.0,23.98,1
51.60000000000002,36.40000000000003,3.499064840223564,0.0,23.98,1
51.70000000000002,36.40000000000003,3.499064840223564,0.0,23.98,1
51.800000000000026,36.40000000000003,3.499064840223564,0.0,23.98,1
51.90000000000003,36.40000000000003,3.499064840223564,0.0,127.26,1
52.00000000000003,36.40000000000003,3.499064840223564,0.0,127.26,1
52.10000000000003,36.40000000000003,3.499064840223564,0.0,26.01,1
52.20000000000003,36.40000000000003,3.499064840223564,0.0,26.01,0
52.30000000000003,36.40000000000003,3.499064840223564,0.0,26.01,0
52.400000000000034,36.40000000000003,3.499064840223564,0.0,26.01,0
52.50000000000004,36.40000000000003,3.499064840223564,0.0,26.01,0
52.60000000000004,36.40000000000003,3.499064840223564,0.0,26.01,0
52.70000000000004,36.40000000000003,3.499064840223564,0.0,124.77,0
52.80000000000004,36.40000000000003,3.499064840223564,0.0,124.77,0
52.90000000000004,36.40000000000003,3.499064840223564,0.0,124.77,0
53.00000000000004,36.40000000000003,3.499064840223564,0.0,17.83,0
53.10000000000005,36.40000000000003,3.499064840223564,0.0,17.83,0
53.200000000000045,36.40000000000003,3.499064840223564,0.0,17.83,0
53.30000000000005,36.40000000000003,3.499064840223564,0.0,17.83,0
53.40000000000005,36.40000000000003,3.499064840223564,0.0,17.83,0
53.50000000000005,36.40000000000003,3.499064840223564,0.0,17.83,0
53.60000000000005,36.40000000000003,3.499064840223564,0.0,17.83,0
53.70000000000005,36.40000000000003,3.499064840223564,0.0,17.83,0
53.80000000000005,36.40000000000003,3.499064840223564,0.0,17.83,0
53.900000000000055,36.40000000000003,3.499064840223564,0.0,108.83,0
54.00000000000006,36.40000000000003,3.499064840223564,0.0,108.83,0
54.10000000000006,36.40000000000003,3.499064840223564,0.0,108.83,0
49.9,36.50000000000003,3.499064840223564,0.0,98.51,0
50.0,36.50000000000003,3.499064840223564,0.0,98.51,0
50.1,36.50000000000003,3.499064840223564,0.0,98.51,0
50.2,36.50000000000003,3.499064840223564,0.0,33.26,0
50.3,36.50000000000003,3.499064840223564,0.0,33.26,0
50.400000000000006,36.50000000000003,3.499064840223564,0.0,33.26,0
50.50000000000001,36.50000000000003,3.499064840223564,0.0,33.26,0
50.60000000000001,36.50000000000003,3.499064840223564,0.0,33.26,0
50.70000000000001,36.50000000000003,3.499064840223564,0.0,133.37,0
50.80000000000001,36.50000000000003,3.499064840223564,0.0,133.37,0
50.90000000000001,36.50000000000003,3.499064840223564,0.0,133.37,1
51.000000000000014,36.50000000000003,3.499064840223564,0.0,133.37,1
51.100000000000016,36.50000000000003,3.499064840223564,0.0,23.98,1
51.20000000000002,36.50000000000003,3.499064840223564,0.0,23.98,1
51.30000000000002,36.50000000000003,3.499064840223564,0.0,23.98,1
51.40000000000002,36.50000000000003,3.499064840223564,0.0,23.98,1
51.50000000000002,36.50000000000003,3.499064840223564,0.0,23.98,1
51.60000000000002,36.50000000000003,3.499064840223564,0.0,23.98,1
51.70000000000002,36.50000000000003,3.499064840223564,0.0,23.98,1
51.800000000000026,36.50000000000003,3.499064840223564,0.0,127.26,1
51.90000000000003,36.50000000000003,3.499064840223564,0.0,127.26,1
52.00000000000003,36.50000000000003,3.499064840223564,0.0,127.26,1
52.10000000000003,36.50000000000003,3.499064840223564,0.0,127.26,1
52.20000000000003,36.50000000000003,3.499064840223564,0.0,127.26,0
52.30000000000003,36.50000000000003,3.499064840223564,0.0,26.01,0
52.400000000000034,36.50000000000003,3.499064840223564,0.0,26.01,0
52.50000000000004,36.50000000000003,3.499064840223564,0.0,26.01,0
52.60000000000004,36.50000000000003,3.499064840223564,0.0,124.77,0
52.70000000000004,36.50000000000003,3.499064840223564,0.0,124.77,0
52.80000000000004,36.50000000000003,3.499064840223564,0.0,124.77,0
52.90000000000004,36.50000000000003,3.499064840223564,0.0,124.77,0
53.00000000000004,36.50000000000003,3.499064840223564,0.0,124.77,0
53.10000000000005,36.50000000000003,3.499064840223564,0.0,17.83,0
53.200000000000045,36.50000000000003,3.499064840223564,0.0,17.83,0
53.30000000000005,36.50000000000003,3.499064840223564,0.0,17.83,0
53.40000000000005,36.50000000000003,3.499064840223564,0.0,17.83,0
53.50000000000005,36.50000000000003,3.499064840223564,0.0,17.83,0
53.60000000000005,36.50000000000003,3.499064840223564,0.0,17.83,0
53.70000000000005,36.50000000000003,3.499064840223564,0.0,17.83,0
53.80000000000005,36.50000000000003,3.499064840223564,0.0,108.83,0
53.900000000000055,36.50000000000003,3.499064840223564,0.0,108.83,0
54.00000000000006,36.50000000000003,3.499064840223564,0.0,108.83,0
54.10000000000006,36.50000000000003,3.499064840223564,0.0,108.83,0
49.9,36.60000000000003,3.499064840223564,0.0,98.51,0
50.0,36.60000000000003,3.499064840223564,0.0,98.51,0
50.1,36.60000000000003,3.499064840223564,0.0,98.51,0
50.2,36.60000000000003,3.499064840223564,0.0,33.26,0
50.3,36.60000000000003,3.499064840223564,0.0,33.26,0
50.400000000000006,36.60000000000003,3.499064840223564,0.0,33.26,0
50.50000000000001,36.60000000000003,3.499064840223564,0.0,33.26,0
50.60000000000001,36.60000000000003,3.499064840223564,0.0,33.26,0
50.70000000000001,36.60000000000003,3.499064840223564,0.0,133.37,0
50.80000000000001,36.60000000000003,3.499064840223564,0.0,133.37,0
50.90000000000001,36.60000000000003,3.499064840223564,0.0,133.37,0
51.000000000000014,36.60000000000003,3.499064840223564,0.0,133.37,1
51.100000000000016,36.60000000000003,3.499064840223564,0.0,23.98,1
51.20000000000002,36.60000000000003,3.499064840223564,0.0,23.98,1
51.30000000000002,36.60000000000003,3.499064840223564,0.0,23.98,1
51.40000000000002,36.60000000000003,3.499064840223564,0.0,23.98,1
51.50000000000002,36.60000000000003,3.499064840223564,0.0,23.98,1
51.60000000000002,36.60000000000003,3.499064840223564,0.0,23.98,1
51.70000000000002,36.60000000000003,3.499064840223564,0.0,127.26,1
51.800000000000026,36.60000000000003,3.499064840223564,0.0,127.26,1
51.90000000000003,36.60000000000003,3.499064840223564,0.0,127.26,1
52.00000000000003,36.60000000000003,3.499064840223564,0.0,127.26,0
52.10000000000003,36.60000000000003,3.499064840223564,0.0,127.26,0
52.20000000000003,36.60000000000003,3.499064840223564,0.0,127.26,0
52.30000000000003,36.60000000000003,3.499064840223564,0.0,127.26,1
52.400000000000034,36.60000000000003,3.499064840223564,0.0,127.26,1
52.50000000000004,36.60000000000003,3.499064840223564,0.0,124.77,1
52.60000000000004,36.60000000000003,3.499064840223564,0.0,124.77,0
52.70000000000004,36.60000000000003,3.499064840223564,0.0,124.77,0
52.80000000000004,36.60000000000003,3.499064840223564,0.0,124.77,0
52.90000000000004,36.60000000000003,3.499064840223564,0.0,124.77,0
53.00000000000004,36.60000000000003,3.499064840223564,0.0,124.77,0
53.10000000000005,36.60000000000003,3.499064840223564,0.0,124.77,0
53.200000000000045,36.60000000000003,3.499064840223564,0.0,17.83,0
53.30000000000005,36.60000000000003,3.499064840223564,0.0,17.83,0
53.40000000000005,36.60000000000003,3.499064840223564,0.0,17.83,0
53.50000000000005,36.60000000000003,3.499064840223564,0.0,17.83,0
53.60000000000005,36.60000000000003,3.499064840223564,0.0,17.83,0
53.70000000000005,36.60000000000003,3.499064840223564,0.0,17.83,0
53.80000000000005,36.60000000000003,3.499064840223564,0.0,108.83,0
53.900000000000055,36.60000000000003,3.499064840223564,0.0,108.83,0
54.00000000000006,36.60000000000003,3.499064840223564,0.0,108.83,0
54.10000000000006,36.60000000000003,3.499064840223564,0.0,108.83,0
49.9,36.70000000000003,3.499064840223564,0.0,98.51,0
50.0,36.70000000000003,3.499064840223564,0.0,98.51,0
50.1,36.70000000000003,3.499064840223564,0.0,98.51,0
50.2,36.70000000000003,3.499064840223564,0.0,33.26,0
50.3,36.70000000000003,3.499064840223564,0.0,33.26,0
50.400000000000006,36.70000000000003,3.499064840223564,0.0,33.26,0
50.50000000000001,36.70000000000003,3.499064840223564,0.0,33.26,0
50.60000000000001,36.70000000000003,3.499064840223564,0.0,33.26,0
50.70000000000001,36.70000000000003,3.499064840223564,0.0,133.37,0
50.80000000000001,36.70000000000003,3.499064840223564,0.0,133.37,0
50.90000000000001,36.70000000000003,3.499064840223564,0.0,133.37,0
51.000000000000014,36.70000000000003,3.499064840223564,0.0,133.37,0
51.100000000000016,36.70000000000003,3.499064840223564,0.0,133.37,1
51.20000000000002,36.70000000000003,3.499064840223564,0.0,23.98,1
51.30000000000002,36.70000000000003,3.499064840223564,0.0,23.98,1
51.40000000000002,36.70000000000003,3.499064840223564,0.0,23.98,1
51.50000000000002,36.70000000000003,3.499064840223564,0.0,23.98,0
51.60000000000002,36.70000000000003,3.499064840223564,0.0,127.26,0
51.70000000000002,36.70000000000003,3.499064840223564,0.0,127.26,0
51.800000000000026,36.70000000000003,3.499064840223564,0.0,127.26,0
51.90000000000003,36.70000000000003,3.499064840223564,0.0,127.26,0
52.00000000000003,36.70000000000003,3.499064840223564,0.0,127.26,0
52.10000000000003,36.70000000000003,3.499064840223564,0.0,127.26,0
52.20000000000003,36.70000000000003,3.499064840223564,0.0,127.26,0
52.30000000000003,36.70000000000003,3.499064840223564,0.0,127.26,1
52.400000000000034,36.70000000000003,3.499064840223564,0.0,127.26,1
52.50000000000004,36.70000000000003,3.499064840223564,0.0,124.77,1
52.60000000000004,36.70000000000003,3.499064840223564,0.0,124.77,0
52.70000000000004,36.70000000000003,3.499064840223564,0.0,124.77,0
52.80000000000004,36.70000000000003,3.499064840223564,0.0,124.77,0
52.90000000000004,36.70000000000003,3.499064840223564,0.0,124.77,0
53.00000000000004,36.70000000000003,3.499064840223564,0.0,124.77,0
53.10000000000005,36.70000000000003,3.499064840223564,0.0,124.77,0
53.200000000000045,36.70000000000003,3.499064840223564,0.0,124.77,0
53.30000000000005,36.70000000000003,3.499064840223564,0.0,124.77,0
53.40000000000005,36.70000000000003,3.499064840223564,0.0,17.83,0
53.50000000000005,36.70000000000003,3.499064840223564,0.0,17.83,0
53.60000000000005,36.70000000000003,3.499064840223564,0.0,17.83,0
53.70000000000005,36.70000000000003,3.499064840223564,0.0,108.83,0
53.80000000000005,36.70000000000003,3.499064840223564,0.0,108.83,0
53.900000000000055,36.70000000000003,3.499064840223564,0.0,108.83,0
54.00000000000006,36.70000000000003,3.499064840223564,0.0,108.83,0
54.10000000000006,36.70000000000003,3.499064840223564,0.0,108.83,0
49.9,36.80000000000003,3.499064840223564,0.0,98.51,0
50.0,36.80000000000003,3.499064840223564,0.0,98.51,0
50.1,36.80000000000003,3.499064840223564,0.0,33.26,0
50.2,36.80000000000003,3.499064840223564,0.0,33.26,0
50.3,36.80000000000003,3.499064840223564,0.0,33.26,0
50.400000000000006,36.80000000000003,3.499064840223564,0.0,33.26,0
50.50000000000001,36.80000000000003,3.499064840223564,0.0,33.26,0
50.60000000000001,36.80000000000003,3.499064840223564,0.0,133.37,0
50.70000000000001,36.80000000000003,3.499064840223564,0.0,133.37,0
50.80000000000001,36.80000000000003,3.499064840223564,0.0,133.37,0
50.90000000000001,36.80000000000003,3.499064840223564,0.0,133.37,0
51.000000000000014,36.80000000000003,3.499064840223564,0.0,133.37,0
51.100000000000016,36.80000000000003,3.499064840223564,0.0,133.37,0
51.20000000000002,36.80000000000003,3.499064840223564,0.0,23.98,0
51.30000000000002,36.80000000000003,3.499064840223564,0.0,23.98,0
51.40000000000002,36.80000000000003,3.499064840223564,0.0,23.98,0
51.50000000000002,36.80000000000003,3.499064840223564,0.0,127.26,0
51.60000000000002,36.80000000000003,3.499064840223564,0.0,127.26,0
51.70000000000002,36.80000000000003,3.499064840223564,0.0,127.26,0
51.800000000000026,36.80000000000003,3.499064840223564,0.0,127.26,0
51.90000000000003,36.80000000000003,3.499064840223564,0.0,127.26,0
52.00000000000003,36.80000000000003,3.499064840223564,0.0,127.26,0
52.10000000000003,36.80000000000003,3.499064840223564,0.0,127.26,0
52.20000000000003,36.80000000000003,3.499064840223564,0.0,127.26,0
52.30000000000003,36.80000000000003,3.499064840223564,0.0,127.26,0
52.400000000000034,36.80000000000003,3.499064840223564,0.0,127.26,1
52.50000000000004,36.80000000000003,3.499064840223564,0.0,124.77,0
52.60000000000004,36.80000000000003,3.499064840223564,0.0,124.77,0
52.70000000000004,36.80000000000003,3.499064840223564,0.0,124.77,0
52.80000000000004,36.80000000000003,3.499064840223564,0.0,124.77,0
52.90000000000004,36.80000000000003,3.499064840223564,0.0,124.77,0
53.00000000000004,36.80000000000003,3.499064840223564,0.0,124.77,0
53.10000000000005,36.80000000000003,3.499064840223564,0.0,124.77,0
53.200000000000045,36.80000000000003,3.499064840223564,0.0,124.77,0
53.30000000000005,36.80000000000003,3.499064840223564,0.0,124.77,0
53.40000000000005,36.80000000000003,3.499064840223564,0.0,124.77,0
53.50000000000005,36.80000000000003,3.499064840223564,0.0,17.83,0
53.60000000000005,36.80000000000003,3.499064840223564,0.0,108.83,0
53.70000000000005,36.80000000000003,3.499064840223564,0.0,108.83,0
53.80000000000005,36.80000000000003,3.499064840223564,0.0,108.83,0
53.900000000000055,36.80000000000003,3.499064840223564,0.0,108.83,0
54.00000000000006,36.80000000000003,3.499064840223564,0.0,108.83,0
54.10000000000006,36.80000000000003,3.499064840223564,0.0,108.83,0
