longitude,latitude,vs_mean,vs_std
49.9,34.4,3.4990648402235633,0.0
50.0,34.4,3.4990648402235633,0.0
50.1,34.4,3.4990648402235633,0.0
50.2,34.4,3.4990648402235633,0.0
50.3,34.4,3.4990648402235633,0.0
50.400000000000006,34.4,3.4990648402235633,0.0
50.50000000000001,34.4,3.4990648402235633,0.0
50.60000000000001,34.4,3.4990648402235633,0.0
50.70000000000001,34.4,3.4990648402235633,0.0
50.80000000000001,34.4,3.4990648402235633,0.0
50.90000000000001,34.4,3.4990648402235633,0.0
51.000000000000014,34.4,3.4990648402235633,0.0
51.100000000000016,34.4,3.4990648402235633,0.0
51.20000000000002,34.4,3.4990648402235633,0.0
51.30000000000002,34.4,3.4990648402235633,0.0
51.40000000000002,34.4,3.4990648402235633,0.0
51.50000000000002,34.4,3.4990648402235633,0.0
51.60000000000002,34.4,3.4990648402235633,0.0
51.70000000000002,34.4,3.4990648402235633,0.0
51.800000000000026,34.4,3.4990648402235633,0.0
51.90000000000003,34.4,3.4990648402235633,0.0
52.00000000000003,34.4,3.4990648402235633,0.0
52.10000000000003,34.4,3.4990648402235633,0.0
52.20000000000003,34.4,3.4990648402235633,0.0
52.30000000000003,34.4,3.4990648402235633,0.0
52.400000000000034,34.4,3.4990648402235633,0.0
52.50000000000004,34.4,3.4990648402235633,0.0
52.60000000000004,34.4,3.4990648402235633,0.0
52.70000000000004,34.4,3.4990648402235633,0.0
52.80000000000004,34.4,3.4990648402235633,0.0
52.90000000000004,34.4,3.4990648402235633,0.0
53.00000000000004,34.4,3.4990648402235633,0.0
53.10000000000005,34.4,3.4990648402235633,0.0
53.200000000000045,34.4,3.4990648402235633,0.0
53.30000000000005,34.4,3.4990648402235633,0.0
53.40000000000005,34.4,3.4990648402235633,0.0
53.50000000000005,34.4,3.4990648402235633,0.0
53.60000000000005,34.4,3.4990648402235633,0.0
53.70000000000005,34.4,3.4990648402235633,0.0
53.80000000000005,34.4,3.4990648402235633,0.0
53.900000000000055,34.4,3.4990648402235633,0.0
54.00000000000006,34.4,3.4990648402235633,0.0
54.10000000000006,34.4,3.4990648402235633,0.0
49.9,34.5,3.4990648402235633,0.0
50.0,34.5,3.5374873333333334,0.24778306632876287
50.1,34.5,3.535345666666667,0.24889480904145328
50.2,34.5,3.5312259999999998,0.25277012424275735
50.3,34.5,3.5275443333333336,0.2570544036242737
50.400000000000006,34.5,3.5245416666666673,0.2609504861423882
50.50000000000001,34.5,3.522504333333333,0.26554245322125947
50.60000000000001,34.5,3.5216629999999993,0.27175219788350385
50.70000000000001,34.5,3.5223606666666667,0.27905221443454803
50.80000000000001,34.5,3.5246760000000004,0.28616646935763695
50.90000000000001,34.5,3.5274683333333328,0.29204692325348736
51.000000000000014,34.5,3.5288103333333334,0.29533633339969445
51.100000000000016,34.5,3.527629333333333,0.2948644034475677
51.20000000000002,34.5,3.524034,0.29380501651237956
51.30000000000002,34.5,3.5177344444444443,0.29140740282877176
51.40000000000002,34.5,3.5103853333333337,0.2887831782082115
51.50000000000002,34.5,3.5032177777777775,0.28626182331434913
51.60000000000002,34.5,3.4961902222222228,0.28349204148956947
51.70000000000002,34.5,3.4891219999999996,0.2801746407809749
51.800000000000026,34.5,3.481821111111111,0.2755327259147044
51.90000000000003,34.5,3.475511333333334,0.26975265207429117
52.00000000000003,34.5,3.4727835555555555,0.26563638668191414
52.10000000000003,34.5,3.475569777777778,0.2669393169822548
52.20000000000003,34.5,3.4828824444444444,0.27449222645822513
52.30000000000003,34.5,3.4916615555555555,0.2850232996567838
52.400000000000034,34.5,3.4992037777777782,0.29448241863560193
52.50000000000004,34.5,3.5046704444444443,0.3011150139381225
52.60000000000004,34.5,3.508506888888889,0.30588591126378445
52.70000000000004,34.5,3.511346666666667,0.31064041673258663
52.80000000000004,34.5,3.512642222222222,0.315792186811478
52.90000000000004,34.5,3.5111104444444448,0.3202679550485537
53.00000000000004,34.5,3.506908888888889,0.32307670593275106
53.10000000000005,34.5,3.500183777777778,0.32375623261176245
53.200000000000045,34.5,3.492917333333333,0.32317361984392995
53.30000000000005,34.5,3.4867937777777778,0.3221984408468445
53.40000000000005,34.5,3.4828462222222223,0.32106806346579975
53.50000000000005,34.5,3.479486222222222,0.3182783330212325
53.60000000000005,34.5,3.475031333333333,0.31311137884771906
53.70000000000005,34.5,3.4700877777777777,0.3065458439422363
53.80000000000005,34.5,3.465369777777778,0.29988274920652813
53.900000000000055,34.5,3.463195,0.29683240669984823
54.00000000000006,34.5,3.46105,0.2941493730364186
54.10000000000006,34.5,3.4990648402235633,0.0
49.9,34.6,3.4990648402235633,0.0
50.0,34.6,3.5378866666666666,0.25053693128028054
50.1,34.6,3.535012333333334,0.2520108804284306
50.2,34.6,3.5298948333333326,0.2557640221930876
50.3,34.6,3.5263074999999997,0.25990437298921093
50.400000000000006,34.6,3.524123833333334,0.26427979333258167
50.50000000000001,34.6,3.5226279999999996,0.2693994287974531
50.60000000000001,34.6,3.5220371666666663,0.27567546766883266
50.70000000000001,34.6,3.5231678333333334,0.28256896895979905
50.80000000000001,34.6,3.5258858333333336,0.2890625587205343
50.90000000000001,34.6,3.5288893333333333,0.29443489444130655
51.000000000000014,34.6,3.5301515,0.2973520740204959
51.100000000000016,34.6,3.5281738666666667,0.29626778686253663
51.20000000000002,34.6,3.525057,0.2952111170926006
51.30000000000002,34.6,3.5190854444444444,0.2924733216384253
51.40000000000002,34.6,3.512433777777778,0.2897483938118114
51.50000000000002,34.6,3.506009222222222,0.28737169319252315
51.60000000000002,34.6,3.4996407777777776,0.28492736750541475
51.70000000000002,34.6,3.493204333333333,0.28201943537247337
51.800000000000026,34.6,3.4867003333333333,0.27795167802498993
51.90000000000003,34.6,3.4815163333333334,0.27332723718504165
52.00000000000003,34.6,3.4800124444444442,0.2711351694486107
52.10000000000003,34.6,3.4834741111111116,0.2743910893368084
52.20000000000003,34.6,3.490470666666667,0.28280922518241136
52.30000000000003,34.6,3.4982596666666663,0.29313608123194634
52.400000000000034,34.6,3.5049415555555554,0.30217746832722664
52.50000000000004,34.6,3.5100395555555557,0.3087239297794871
52.60000000000004,34.6,3.5135656666666666,0.3134070745913264
52.70000000000004,34.6,3.515393,0.31745334224172994
52.80000000000004,34.6,3.515,0.32142915687924506
52.90000000000004,34.6,3.511814777777778,0.324779200213771
53.00000000000004,34.6,3.5064844444444443,0.3267337451239072
53.10000000000005,34.6,3.4988333333333337,0.32634308628593556
53.200000000000045,34.6,3.4907012222222225,0.3242235455431949
53.30000000000005,34.6,3.4838693333333333,0.3215467263968135
53.40000000000005,34.6,3.479532555555556,0.3190250740650759
53.50000000000005,34.6,3.475806888888889,0.315307792096417
53.60000000000005,34.6,3.470896555555555,0.309546823123072
53.70000000000005,34.6,3.4655032222222224,0.30267721184865504
53.80000000000005,34.6,3.4605558888888885,0.29593352077697066
53.900000000000055,34.6,3.4583244999999994,0.2927917499939577
54.00000000000006,34.6,3.4561970000000004,0.28989765260799444
54.10000000000006,34.6,3.4990648402235633,0.0
49.9,34.7,3.4990648402235633,0.0
50.0,34.7,3.5365006666666665,0.2565196563877054
50.1,34.7,3.532677666666666,0.25775984086061526
50.2,34.7,3.5268753333333334,0.26110381388942133
50.3,34.7,3.5244041666666663,0.2656340452753018
50.400000000000006,34.7,3.5234893333333335,0.2711484789106911
50.50000000000001,34.7,3.5221358333333335,0.2767895880014557
50.60000000000001,34.7,3.522110666666667,0.2828816459739605
50.70000000000001,34.7,3.524610833333333,0.2889834299239143
50.80000000000001,34.7,3.527766333333334,0.29377803984365397
50.90000000000001,34.7,3.530408666666667,0.29720809743374965
51.000000000000014,34.7,3.5311356666666667,0.2986326594162225
51.100000000000016,34.7,3.529380933333334,0.29750008672031286
51.20000000000002,34.7,3.5264275555555553,0.29540459330357793
51.30000000000002,34.7,3.5218146666666668,0.292628571946531
51.40000000000002,34.7,3.516908777777777,0.2904366917296137
51.50000000000002,34.7,3.5119704444444446,0.28892647481028516
51.60000000000002,34.7,3.506698111111111,0.28741973076248317
51.70000000000002,34.7,3.5013041111111116,0.28542399301658505
51.800000000000026,34.7,3.496493777777778,0.28286897800114486
51.90000000000003,34.7,3.493942666666667,0.28127518097453613
52.00000000000003,34.7,3.4950724444444443,0.2832571650131408
52.10000000000003,34.7,3.4996270000000003,0.2899111394177696
52.20000000000003,34.7,3.505666666666667,0.2994662246577897
52.30000000000003,34.7,3.508772571428571,0.3061281403165469
52.400000000000034,34.7,3.5145239999999998,0.31504907486926087
52.50000000000004,34.7,3.5190766666666664,0.3215986098409082
52.60000000000004,34.7,3.5214670476190473,0.3257916825800923
52.70000000000004,34.7,3.521176761904762,0.3284704358084325
52.80000000000004,34.7,3.5180595238095234,0.33051842807360354
52.90000000000004,34.7,3.512468761904762,0.3320438166604679
53.00000000000004,34.7,3.505629142857143,0.33256405592725163
53.10000000000005,34.7,3.4970767619047622,0.33048264917266895
53.200000000000045,34.7,3.487637523809524,0.32585013594867673
53.30000000000005,34.7,3.4797954285714288,0.3205780115733833
53.40000000000005,34.7,3.4749638095238096,0.3160786776605644
53.50000000000005,34.7,3.4704836190476187,0.31111110625762356
53.60000000000005,34.7,3.4647306666666666,0.30455874466808086
53.70000000000005,34.7,3.458825904761905,0.2974456889893856
53.80000000000005,34.7,3.4539889523809526,0.29092631509036243
53.900000000000055,34.7,3.4522120000000003,0.2878273839066894
54.00000000000006,34.7,3.4481196666666674,0.2837198165342049
54.10000000000006,34.7,3.4990648402235633,0.0
49.9,34.800000000000004,3.5347153333333328,0.25976503108395715
50.0,34.800000000000004,3.531403666666667,0.2596503109307664
50.1,34.800000000000004,3.5281985000000002,0.2608479745447979
50.2,34.800000000000004,3.5244401666666665,0.26488410910320365
50.3,34.800000000000004,3.523912,0.2707302349008741
50.400000000000006,34.800000000000004,3.5231768333333338,0.27697344794175993
50.50000000000001,34.800000000000004,3.521532166666667,0.2824827160909538
50.60000000000001,34.800000000000004,3.5220645,0.2877348285180655
50.70000000000001,34.800000000000004,3.5250271666666673,0.2922313983740139
50.80000000000001,34.800000000000004,3.5273105,0.2944261002140074
50.90000000000001,34.800000000000004,3.5284951666666666,0.2948646570942524
51.000000000000014,34.800000000000004,3.5289878666666663,0.29469974074591554
51.100000000000016,34.800000000000004,3.5284977333333334,0.29337036732560756
51.20000000000002,34.800000000000004,3.5268884,0.29117608047117827
51.30000000000002,34.800000000000004,3.5248985555555556,0.28915898588692884
51.40000000000002,34.800000000000004,3.5222742222222223,0.2884326106405609
51.50000000000002,34.800000000000004,3.518843666666667,0.2884132358816112
51.60000000000002,34.800000000000004,3.512822,0.2879205811841165
51.70000000000002,34.800000000000004,3.5080501904761907,0.28702049306028654
51.800000000000026,34.800000000000004,3.5046159047619048,0.2865156866029869
51.90000000000003,34.800000000000004,3.503960380952381,0.2881111620348691
52.00000000000003,34.800000000000004,3.5066659047619044,0.29351350408857696
52.10000000000003,34.800000000000004,3.511751428571429,0.30256040155636627
52.20000000000003,34.800000000000004,3.5172489523809523,0.31293728824101064
52.30000000000003,34.800000000000004,3.522351619047619,0.32292393344185444
52.400000000000034,34.800000000000004,3.527142,0.3317040476273884
52.50000000000004,34.800000000000004,3.530647142857143,0.33826558050116606
52.60000000000004,34.800000000000004,3.5310614285714284,0.3417731338362578
52.70000000000004,34.800000000000004,3.5276278095238096,0.3425683785506253
52.80000000000004,34.800000000000004,3.521142476190476,0.3419401185535524
52.90000000000004,34.800000000000004,3.5133065714285716,0.3410454547093953
53.00000000000004,34.800000000000004,3.5053225714285716,0.33960823287302017
53.10000000000005,34.800000000000004,3.496079428571429,0.33548666080250183
53.200000000000045,34.800000000000004,3.485868095238095,0.32819244038058704
53.30000000000005,34.800000000000004,3.4771431428571424,0.3200256667429793
53.40000000000005,34.800000000000004,3.4710799047619045,0.3130763767512424
53.50000000000005,34.800000000000004,3.4652433333333335,0.3066373765914891
53.60000000000005,34.800000000000004,3.4584500952380948,0.2996113018040592
53.70000000000005,34.800000000000004,3.4522882857142854,0.292726058760603
53.80000000000005,34.800000000000004,3.4479683809523807,0.28672445914521144
53.900000000000055,34.800000000000004,3.4462874666666674,0.28365285173367183
54.00000000000006,34.800000000000004,3.4437253333333335,0.2807532298629596
54.10000000000006,34.800000000000004,3.4990648402235633,0.0
49.9,34.900000000000006,3.528092,0.26036337450034724
50.0,34.900000000000006,3.524648333333333,0.25911274678998797
50.1,34.900000000000006,3.523359666666667,0.2615920429500488
50.2,34.900000000000006,3.5229505000000003,0.2682034275147027
50.3,34.900000000000006,3.5238465000000003,0.27546852561061635
50.400000000000006,34.900000000000006,3.5228384999999993,0.28143329315946425
50.50000000000001,34.900000000000006,3.5214008333333338,0.28601959401920424
50.60000000000001,34.900000000000006,3.5218831666666666,0.2896040964623691
50.70000000000001,34.900000000000006,3.5234528333333333,0.2915851298309577
50.80000000000001,34.900000000000006,3.5240038333333334,0.29099167059539477
50.90000000000001,34.900000000000006,3.524059,0.28886911175341795
51.000000000000014,34.900000000000006,3.5250630666666667,0.2880051302366894
51.100000000000016,34.900000000000006,3.526098,0.2860743443174091
51.20000000000002,34.900000000000006,3.5271446666666666,0.28610039100157997
51.30000000000002,34.900000000000006,3.5267298095238098,0.2844575231817935
51.40000000000002,34.900000000000006,3.525977619047619,0.28497347653752503
51.50000000000002,34.900000000000006,3.523969428571429,0.2862126818725674
51.60000000000002,34.900000000000006,3.520661047619048,0.2872297999774541
51.70000000000002,34.900000000000006,3.517071238095238,0.28827463098705886
51.800000000000026,34.900000000000006,3.5152469523809526,0.2909410983719483
51.90000000000003,34.900000000000006,3.516644476190476,0.29706466412877
52.00000000000003,34.900000000000006,3.5207322857142858,0.30673968813620667
52.10000000000003,34.900000000000006,3.525778380952381,0.3180630802099007
52.20000000000003,34.900000000000006,3.5306553333333333,0.3289470041941213
52.30000000000003,34.900000000000006,3.535179142857143,0.3388209744533001
52.400000000000034,34.900000000000006,3.5389703809523807,0.34749368475219433
52.50000000000004,34.900000000000006,3.540584761904762,0.3538227341256725
52.60000000000004,34.900000000000006,3.538326666666667,0.3564786493316223
52.70000000000004,34.900000000000006,3.5321149523809523,0.35550556159278435
52.80000000000004,34.900000000000006,3.5236021904761903,0.3525707018927383
52.90000000000004,34.900000000000006,3.514653523809524,0.3493227387630703
53.00000000000004,34.900000000000006,3.50602180952381,0.34566165307789537
53.10000000000005,34.900000000000006,3.496649333333333,0.3396884638788981
53.200000000000045,34.900000000000006,3.4862104761904757,0.3304418280142416
53.30000000000005,34.900000000000006,3.4768201904761904,0.32019262566906836
53.40000000000005,34.900000000000006,3.4693350476190474,0.31127618150571906
53.50000000000005,34.900000000000006,3.4621020000000002,0.30370941308051075
53.60000000000005,34.900000000000006,3.454637238095238,0.2965645931277632
53.70000000000005,34.900000000000006,3.4486119047619046,0.2901455654212934
53.80000000000005,34.900000000000006,3.444982857142857,0.28469120161644546
53.900000000000055,34.900000000000006,3.4434653333333336,0.2816971984958484
54.00000000000006,34.900000000000006,3.442495666666667,0.2797420419744752
54.10000000000006,34.900000000000006,3.4990648402235633,0.0
49.9,35.00000000000001,3.5212046666666668,0.25868217480523986
50.0,35.00000000000001,3.5225055555555556,0.2587665791515026
50.1,35.00000000000001,3.5204832,0.2624149349571109
50.2,35.00000000000001,3.5210444999999995,0.27106634909637417
50.3,35.00000000000001,3.5221436666666674,0.2787599777620382
50.400000000000006,35.00000000000001,3.5209038333333336,0.28337259915505597
50.50000000000001,35.00000000000001,3.519294166666667,0.2859071659271935
50.60000000000001,35.00000000000001,3.5192171666666656,0.28751937112118564
50.70000000000001,35.00000000000001,3.5199141666666667,0.28790860857940515
50.80000000000001,35.00000000000001,3.521341333333334,0.28762343576156646
50.90000000000001,35.00000000000001,3.521661466666667,0.28479980174023517
51.000000000000014,35.00000000000001,3.5224847777777777,0.28272485022719634
51.100000000000016,35.00000000000001,3.5240892222222224,0.28030233523543424
51.20000000000002,35.00000000000001,3.526075666666667,0.2787432137216695
51.30000000000002,35.00000000000001,3.5277031111111112,0.27880339684959154
51.40000000000002,35.00000000000001,3.528174,0.27946239834348596
51.50000000000002,35.00000000000001,3.5280041904761905,0.28215624544940143
51.60000000000002,35.00000000000001,3.5266349523809524,0.2851699587675009
51.70000000000002,35.00000000000001,3.524852,0.2891655746657659
51.800000000000026,35.00000000000001,3.524697238095238,0.29585178100224874
51.90000000000003,35.00000000000001,3.5272770476190476,0.3061079259395608
52.00000000000003,35.00000000000001,3.5315418095238096,0.3183595120427009
52.10000000000003,35.00000000000001,3.536155714285714,0.3302842762485087
52.20000000000003,35.00000000000001,3.540648380952381,0.34090249709903575
52.30000000000003,35.00000000000001,3.544603904761905,0.35051647538685937
52.400000000000034,35.00000000000001,3.5468367619047623,0.358939179375747
52.50000000000004,35.00000000000001,3.5459344761904763,0.36485954262637954
52.60000000000004,35.00000000000001,3.541098761904762,0.3666517922591085
52.70000000000004,35.00000000000001,3.5331759047619045,0.3642972877750503
52.80000000000004,35.00000000000001,3.523959619047619,0.35966980785759056
52.90000000000004,35.00000000000001,3.5146429523809526,0.3544722117145909
53.00000000000004,35.00000000000001,3.5056800952380955,0.34894410692251127
53.10000000000005,35.00000000000001,3.4962730476190473,0.34155091614514493
53.200000000000045,35.00000000000001,3.485681904761905,0.3311080935655089
53.30000000000005,35.00000000000001,3.475572380952381,0.3194096721822204
53.40000000000005,35.00000000000001,3.4669750476190475,0.3091344299384223
53.50000000000005,35.00000000000001,3.459275619047619,0.3009788839681398
53.60000000000005,35.00000000000001,3.4521062857142857,0.2940014252906612
53.70000000000005,35.00000000000001,3.4466831428571427,0.2881434460177142
53.80000000000005,35.00000000000001,3.4437518095238095,0.28320991090270736
53.900000000000055,35.00000000000001,3.442635333333333,0.2805022123377831
54.00000000000006,35.00000000000001,3.4427156666666665,0.2788816333248007
54.10000000000006,35.00000000000001,3.4990648402235633,0.0
49.9,35.10000000000001,3.5182200000000003,0.2588861839527377
50.0,35.10000000000001,3.518639166666667,0.2609119539144664
50.1,35.10000000000001,3.5180406666666664,0.26367712659426407
50.2,35.10000000000001,3.519176666666666,0.2722631912616482
50.3,35.10000000000001,3.519078,0.27850891337460904
50.400000000000006,35.10000000000001,3.517819777777778,0.28109628332349407
50.50000000000001,35.10000000000001,3.5146162666666667,0.28126268827405654
50.60000000000001,35.10000000000001,3.514444666666667,0.2822524337539636
50.70000000000001,35.10000000000001,3.5162341333333336,0.283172873282617
50.80000000000001,35.10000000000001,3.5180554666666666,0.2822284060964202
50.90000000000001,35.10000000000001,3.5190304444444447,0.2798965353608946
51.000000000000014,35.10000000000001,3.5201666666666664,0.2762096725782905
51.100000000000016,35.10000000000001,3.521907222222222,0.2732257794279293
51.20000000000002,35.10000000000001,3.5240834444444444,0.2716233699617329
51.30000000000002,35.10000000000001,3.526183111111111,0.272027350877555
51.40000000000002,35.10000000000001,3.5272056190476193,0.27317901975092435
51.50000000000002,35.10000000000001,3.528381714285714,0.276882557602314
51.60000000000002,35.10000000000001,3.529081333333333,0.2821592537128619
51.70000000000002,35.10000000000001,3.5296286666666665,0.2898034563046372
51.800000000000026,35.10000000000001,3.531302095238095,0.30066023803832875
51.90000000000003,35.10000000000001,3.5344826666666664,0.3136898950887251
52.00000000000003,35.10000000000001,3.538200380952381,0.32635689106105714
52.10000000000003,35.10000000000001,3.5419765714285716,0.3373093258419623
52.20000000000003,35.10000000000001,3.5457071428571427,0.3470053946889172
52.30000000000003,35.10000000000001,3.5485565714285716,0.3561262056310058
52.400000000000034,35.10000000000001,3.5489456190476187,0.364048220421468
52.50000000000004,35.10000000000001,3.545782095238095,0.3691348210271524
52.60000000000004,35.10000000000001,3.5390865714285713,0.36982142309065086
52.70000000000004,35.10000000000001,3.530228761904762,0.3663967474225464
52.80000000000004,35.10000000000001,3.5207810476190478,0.360730267967204
52.90000000000004,35.10000000000001,3.511455619047619,0.35447718089445274
53.00000000000004,35.10000000000001,3.5025020000000002,0.3481396292502882
53.10000000000005,35.10000000000001,3.4929279999999996,0.340054813498933
53.200000000000045,35.10000000000001,3.4817469523809526,0.3288547474699215
53.30000000000005,35.10000000000001,3.4708597142857145,0.3161635284870634
53.40000000000005,35.10000000000001,3.461877142857143,0.3052685036250235
53.50000000000005,35.10000000000001,3.455039619047619,0.2973190809114353
53.60000000000005,35.10000000000001,3.449145619047619,0.29103863296284305
53.70000000000005,35.10000000000001,3.444964476190476,0.28610481700856116
53.80000000000005,35.10000000000001,3.4432089523809526,0.2820435403984693
53.900000000000055,35.10000000000001,3.4428973333333333,0.2798467585493586
54.00000000000006,35.10000000000001,3.4439379999999997,0.2788166493759488
54.10000000000006,35.10000000000001,3.4990648402235633,0.0
49.9,35.20000000000001,3.5162826666666667,0.2605349769113227
50.0,35.20000000000001,3.5159485000000004,0.26242526980991754
50.1,35.20000000000001,3.5153217333333333,0.2654342982168822
50.2,35.20000000000001,3.5158670000000005,0.2711288019807468
50.3,35.20000000000001,3.5148089999999996,0.27558414225576844
50.400000000000006,35.20000000000001,3.511505,0.2764675724728531
50.50000000000001,35.20000000000001,3.5088937777777782,0.27614447586706703
50.60000000000001,35.20000000000001,3.5095783333333332,0.276686750808308
50.70000000000001,35.20000000000001,3.512510444444444,0.27747901250806273
50.80000000000001,35.20000000000001,3.514830933333333,0.2753554156777254
50.90000000000001,35.20000000000001,3.516534777777778,0.27300952568356684
51.000000000000014,35.20000000000001,3.5183731111111114,0.26947503063348066
51.100000000000016,35.20000000000001,3.5201885555555554,0.2667469224080224
51.20000000000002,35.20000000000001,3.5221848888888885,0.2656504082308219
51.30000000000002,35.20000000000001,3.523937666666667,0.26625559983165237
51.40000000000002,35.20000000000001,3.5254616666666667,0.2686246962149496
51.50000000000002,35.20000000000001,3.5267915238095235,0.27203565475699615
51.60000000000002,35.20000000000001,3.5290209523809524,0.2793797134526627
51.70000000000002,35.20000000000001,3.5318035238095242,0.2902271100729864
51.800000000000026,35.20000000000001,3.5351727619047617,0.3038892370732334
51.90000000000003,35.20000000000001,3.538592857142857,0.3178191031130042
52.00000000000003,35.20000000000001,3.541395238095238,0.3295866596965709
52.10000000000003,35.20000000000001,3.543816190476191,0.3391268977515791
52.20000000000003,35.20000000000001,3.5460871428571425,0.3478399406140635
52.30000000000003,35.20000000000001,3.547298857142857,0.35623498347242405
52.400000000000034,35.20000000000001,3.5459202857142857,0.36303303956386707
52.50000000000004,35.20000000000001,3.5411295238095235,0.366569479944849
52.60000000000004,35.20000000000001,3.5332796190476192,0.36595740424206175
52.70000000000004,35.20000000000001,3.5239028571428572,0.36183441658470533
52.80000000000004,35.20000000000001,3.5143434285714283,0.3557669433473279
52.90000000000004,35.20000000000001,3.5052054285714282,0.3492866177147928
53.00000000000004,35.20000000000001,3.496491714285714,0.34288427310885833
53.10000000000005,35.20000000000001,3.4864778095238096,0.33457177937023413
53.200000000000045,35.20000000000001,3.474360952380952,0.3229147969373267
53.30000000000005,35.20000000000001,3.4625635238095236,0.3097223810759153
53.40000000000005,35.20000000000001,3.4539596190476196,0.299141141731942
53.50000000000005,35.20000000000001,3.4487269523809525,0.29224809417407177
53.60000000000005,35.20000000000001,3.4447676190476195,0.2874755894458069
53.70000000000005,35.20000000000001,3.442470761904762,0.28405944102704495
53.80000000000005,35.20000000000001,3.442659714285714,0.28142903228942384
53.900000000000055,35.20000000000001,3.4435171999999996,0.27991023806330645
54.00000000000006,35.20000000000001,3.4455733333333334,0.2798823868289663
54.10000000000006,35.20000000000001,3.4990648402235633,0.0
49.9,35.30000000000001,3.513232666666667,0.2644457025494421
50.0,35.30000000000001,3.5128288333333337,0.26586621320539994
50.1,35.30000000000001,3.51247,0.26719657174687217
50.2,35.30000000000001,3.5112504444444443,0.27108042366697027
50.3,35.30000000000001,3.5087715555555556,0.27257072634186924
50.400000000000006,35.30000000000001,3.504868444444444,0.2716122744965686
50.50000000000001,35.30000000000001,3.502988111111111,0.2707343016581288
50.60000000000001,35.30000000000001,3.5046973333333336,0.27091150547200443
50.70000000000001,35.30000000000001,3.5088644444444443,0.27133400902183286
50.80000000000001,35.30000000000001,3.5129078888888894,0.2700352063191446
50.90000000000001,35.30000000000001,3.514493238095238,0.2667951263234098
51.000000000000014,35.30000000000001,3.516634952380952,0.26343218558763326
51.100000000000016,35.30000000000001,3.518362,0.261019705827464
51.20000000000002,35.30000000000001,3.5201303333333334,0.26068700580687126
51.30000000000002,35.30000000000001,3.521824111111111,0.26197434506340567
51.40000000000002,35.30000000000001,3.5238564444444447,0.2652568096260159
51.50000000000002,35.30000000000001,3.5255877142857144,0.26962293992633984
51.60000000000002,35.30000000000001,3.5287346666666664,0.27845741240363736
51.70000000000002,35.30000000000001,3.532755904761905,0.2906284948347376
51.800000000000026,35.30000000000001,3.5367879047619044,0.30449108564264177
51.90000000000003,35.30000000000001,3.5398518095238094,0.31760246704786815
52.00000000000003,35.30000000000001,3.5415566666666667,0.32818717812832005
52.10000000000003,35.30000000000001,3.5425194285714285,0.33672910875394774
52.20000000000003,35.30000000000001,3.543142571428571,0.34460606006291444
52.30000000000003,35.30000000000001,3.5424882857142856,0.35179396662422613
52.400000000000034,35.30000000000001,3.5392268571428573,0.3567385670579068
52.50000000000004,35.30000000000001,3.532999904761905,0.3583659065589038
52.60000000000004,35.30000000000001,3.524435714285714,0.35665027596079557
52.70000000000004,35.30000000000001,3.514787523809524,0.35217940076165827
52.80000000000004,35.30000000000001,3.5051699047619045,0.34603579600286855
52.90000000000004,35.30000000000001,3.4961361904761907,0.33949093885422044
53.00000000000004,35.30000000000001,3.4874193333333334,0.3329112097715358
53.10000000000005,35.30000000000001,3.476840476190476,0.32438865726562444
53.200000000000045,35.30000000000001,3.463963619047619,0.31265320513756273
53.30000000000005,35.30000000000001,3.451685809523809,0.2998552680088855
53.40000000000005,35.30000000000001,3.4440743809523813,0.2905680750777395
53.50000000000005,35.30000000000001,3.4403362857142854,0.2852330079014111
53.60000000000005,35.30000000000001,3.438454476190476,0.2824120751569143
53.70000000000005,35.30000000000001,3.438394761904762,0.28083484475708054
53.80000000000005,35.30000000000001,3.4407890476190475,0.2798508418318955
53.900000000000055,35.30000000000001,3.4430422666666667,0.2792871584756116
54.00000000000006,35.30000000000001,3.445288666666667,0.2795949968778997
54.10000000000006,35.30000000000001,3.4990648402235633,0.0
49.9,35.40000000000001,3.5096146666666663,0.2717551805811748
50.0,35.40000000000001,3.5088165000000004,0.2712817523529417
50.1,35.40000000000001,3.508224333333333,0.27166267859658083
50.2,35.40000000000001,3.5061006666666668,0.27266951959900787
50.3,35.40000000000001,3.5033891111111113,0.2721751994426477
50.400000000000006,35.40000000000001,3.5006441111111113,0.27075371106689355
50.50000000000001,35.40000000000001,3.500806222222222,0.2702258931554348
50.60000000000001,35.40000000000001,3.5040454444444444,0.27019649553101877
50.70000000000001,35.40000000000001,3.508293555555556,0.26928619178137997
50.80000000000001,35.40000000000001,3.5103621904761906,0.2666200054228303
50.90000000000001,35.40000000000001,3.5128225714285715,0.2628748463394613
51.000000000000014,35.40000000000001,3.5149049523809524,0.25960307227138746
51.100000000000016,35.40000000000001,3.517569142857143,0.2585621877212296
51.20000000000002,35.40000000000001,3.5196818095238096,0.25908976740032724
51.30000000000002,35.40000000000001,3.5211844444444442,0.2607000053595377
51.40000000000002,35.40000000000001,3.522998777777778,0.2644870806012198
51.50000000000002,35.40000000000001,3.526102777777778,0.2711611379600192
51.60000000000002,35.40000000000001,3.529094761904762,0.2792688848561531
51.70000000000002,35.40000000000001,3.5327957142857143,0.29051397963753356
51.800000000000026,35.40000000000001,3.5359102857142855,0.30253859457867827
51.90000000000003,35.40000000000001,3.537889238095238,0.31393753498223964
52.00000000000003,35.40000000000001,3.5386665714285717,0.3235548087388201
52.10000000000003,35.40000000000001,3.538668285714286,0.3314034218030331
52.20000000000003,35.40000000000001,3.5379102857142857,0.33811748682798065
52.30000000000003,35.40000000000001,3.5352860952380953,0.34340443567514334
52.400000000000034,35.40000000000001,3.529911238095238,0.34616273269869546
52.50000000000004,35.40000000000001,3.5223560952380955,0.3462341476529203
52.60000000000004,35.40000000000001,3.5134128571428573,0.34401148355312766
52.70000000000004,35.40000000000001,3.503666095238095,0.3396017181514137
52.80000000000004,35.40000000000001,3.4938903809523807,0.33350481746519844
52.90000000000004,35.40000000000001,3.4845822857142856,0.32667095234548377
53.00000000000004,35.40000000000001,3.4754897142857146,0.3195832602582419
53.10000000000005,35.40000000000001,3.464659047619048,0.31080630811182786
53.200000000000045,35.40000000000001,3.4518230476190475,0.29941967904032885
53.30000000000005,35.40000000000001,3.4400978095238095,0.2879313419858476
53.40000000000005,35.40000000000001,3.433480952380952,0.28029927880706257
53.50000000000005,35.40000000000001,3.4309710476190483,0.276583526808896
53.60000000000005,35.40000000000001,3.4309609523809526,0.27540116159601497
53.70000000000005,35.40000000000001,3.433108666666667,0.2754285588161957
53.80000000000005,35.40000000000001,3.4375041904761905,0.27602917642162034
53.900000000000055,35.40000000000001,3.4409732,0.27665508597750915
54.00000000000006,35.40000000000001,3.442909666666667,0.2766905839937303
54.10000000000006,35.40000000000001,3.4990648402235633,0.0
49.9,35.500000000000014,3.5049726666666667,0.278368395976891
50.0,35.500000000000014,3.504708666666667,0.2767533628183664
50.1,35.500000000000014,3.503767714285714,0.2764372484167351
50.2,35.500000000000014,3.502299888888889,0.2761544790839339
50.3,35.500000000000014,3.5005152222222224,0.27506977511298286
50.400000000000006,35.500000000000014,3.499814444444444,0.27390660017572505
50.50000000000001,35.500000000000014,3.501880333333333,0.2735636110694089
50.60000000000001,35.500000000000014,3.505632888888889,0.2729265249405354
50.70000000000001,35.500000000000014,3.509193111111111,0.2709255133202497
50.80000000000001,35.500000000000014,3.5112564761904763,0.2682159992444124
50.90000000000001,35.500000000000014,3.513061523809524,0.26405801361157344
51.000000000000014,35.500000000000014,3.5155044761904763,0.26112461552328775
51.100000000000016,35.500000000000014,3.518540476190476,0.26029169739149494
51.20000000000002,35.500000000000014,3.5206865714285716,0.26083280511045664
51.30000000000002,35.500000000000014,3.522465619047619,0.26307026947463347
51.40000000000002,35.500000000000014,3.5247805714285714,0.2675993524390395
51.50000000000002,35.500000000000014,3.5273104444444447,0.2737611311562492
51.60000000000002,35.500000000000014,3.5297961904761905,0.2810657486541241
51.70000000000002,35.500000000000014,3.5316550476190476,0.29001530645356827
51.800000000000026,35.500000000000014,3.5327008571428573,0.29944836870286506
51.90000000000003,35.500000000000014,3.5333101904761905,0.3089163851023624
52.00000000000003,35.500000000000014,3.5334566666666665,0.3175063591210428
52.10000000000003,35.500000000000014,3.5327941904761904,0.32432940406307054
52.20000000000003,35.500000000000014,3.5306668571428568,0.3293125109715563
52.30000000000003,35.500000000000014,3.526192285714286,0.33235424785923884
52.400000000000034,35.500000000000014,3.5193577142857144,0.33334506084908866
52.50000000000004,35.500000000000014,3.5112790476190474,0.3327332620565414
52.60000000000004,35.500000000000014,3.5024254285714282,0.3306676700240004
52.70000000000004,35.500000000000014,3.4928190476190477,0.3267717825390147
52.80000000000004,35.500000000000014,3.482962857142857,0.32104820828249453
52.90000000000004,35.500000000000014,3.473416761904762,0.3141913952594676
53.00000000000004,35.500000000000014,3.4641652380952377,0.3068493653619973
53.10000000000005,35.500000000000014,3.453592857142857,0.29800416196674656
53.200000000000045,35.500000000000014,3.4414988571428573,0.28723043555029865
53.30000000000005,35.500000000000014,3.430784476190476,0.27710160387883537
53.40000000000005,35.500000000000014,3.42476819047619,0.270821966956238
53.50000000000005,35.500000000000014,3.423109047619048,0.2682505828853845
53.60000000000005,35.500000000000014,3.424689809523809,0.2680280279671154
53.70000000000005,35.500000000000014,3.4287870476190476,0.2692180265840229
53.80000000000005,35.500000000000014,3.4347347619047617,0.2712690580411176
53.900000000000055,35.500000000000014,3.4388744,0.27292274661302673
54.00000000000006,35.500000000000014,3.4411303333333336,0.27333808750365557
54.10000000000006,35.500000000000014,3.4990648402235633,0.0
49.9,35.600000000000016,3.5023526666666664,0.2822181127793902
50.0,35.600000000000016,3.5033291666666675,0.2816009077009558
50.1,35.600000000000016,3.502989333333333,0.2812934245862762
50.2,35.600000000000016,3.5022103333333336,0.28073171758253634
50.3,35.600000000000016,3.5014207777777777,0.2796266513398716
50.400000000000006,35.600000000000016,3.501962555555556,0.27864323625827164
50.50000000000001,35.600000000000016,3.5044998888888887,0.2780893617828743
50.60000000000001,35.600000000000016,3.5080022222222227,0.2771740967042583
50.70000000000001,35.600000000000016,3.5109494444444445,0.27501225979290167
50.80000000000001,35.600000000000016,3.5128537142857144,0.2723322422558193
50.90000000000001,35.600000000000016,3.515700095238095,0.26903573130491554
51.000000000000014,35.600000000000016,3.519067523809524,0.2666970981768283
51.100000000000016,35.600000000000016,3.5223573333333333,0.265793130508455
51.20000000000002,35.600000000000016,3.524784380952381,0.2662898287790934
51.30000000000002,35.600000000000016,3.526362095238095,0.26841461193511224
51.40000000000002,35.600000000000016,3.527793714285714,0.2725683830352001
51.50000000000002,35.600000000000016,3.529328285714286,0.2783353096613928
51.60000000000002,35.600000000000016,3.5301467619047617,0.28496176258131783
51.70000000000002,35.600000000000016,3.5298457499999993,0.29130772404855
51.800000000000026,35.600000000000016,3.527866095238095,0.2967144738986679
51.90000000000003,35.600000000000016,3.5270280952380952,0.3038895467228621
52.00000000000003,35.600000000000016,3.526237333333334,0.31072248104294703
52.10000000000003,35.600000000000016,3.5243018095238092,0.31580416052382554
52.20000000000003,35.600000000000016,3.520540476190476,0.31870603584321994
52.30000000000003,35.600000000000016,3.514939333333333,0.3198182859383239
52.400000000000034,35.600000000000016,3.5081790476190475,0.3199115007494586
52.50000000000004,35.600000000000016,3.50082,0.31931057662876927
52.60000000000004,35.600000000000016,3.492672,0.31766301337058384
52.70000000000004,35.600000000000016,3.4835205714285715,0.31452741058181155
52.80000000000004,35.600000000000016,3.473999047619048,0.3097541238994019
52.90000000000004,35.600000000000016,3.464817619047619,0.30369058965663376
53.00000000000004,35.600000000000016,3.4561640000000002,0.2969852284046505
53.10000000000005,35.600000000000016,3.4466138095238095,0.28881231193464585
53.200000000000045,35.600000000000016,3.4355425714285714,0.2788298266126218
53.30000000000005,35.600000000000016,3.425619619047619,0.2696076416825388
53.40000000000005,35.600000000000016,3.4196628571428573,0.2640631482514544
53.50000000000005,35.600000000000016,3.4186235238095235,0.2621973433373367
53.60000000000005,35.600000000000016,3.421397142857143,0.26237097894470135
53.70000000000005,35.600000000000016,3.4268855238095237,0.26411807654968805
53.80000000000005,35.600000000000016,3.4337669523809526,0.2671618082112043
53.900000000000055,35.600000000000016,3.4381372,0.26946741675835173
54.00000000000006,35.600000000000016,3.441057666666667,0.2707245652108138
54.10000000000006,35.600000000000016,3.4990648402235633,0.0
49.9,35.70000000000002,3.505602666666667,0.2870489072625541
50.0,35.70000000000002,3.506362166666666,0.2862702062217722
50.1,35.70000000000002,3.5062544761904766,0.28580037491772037
50.2,35.70000000000002,3.505251222222222,0.2847976625943306
50.3,35.70000000000002,3.504574666666666,0.28366406760589724
50.400000000000006,35.70000000000002,3.505712222222222,0.2832695747429187
50.50000000000001,35.70000000000002,3.507717222222222,0.2826627482281303
50.60000000000001,35.70000000000002,3.5102116666666667,0.28142501967506395
50.70000000000001,35.70000000000002,3.5132334444444444,0.2794491478477595
50.80000000000001,35.70000000000002,3.516222857142857,0.27733556519331404
50.90000000000001,35.70000000000002,3.5205994285714284,0.274797721254959
51.000000000000014,35.70000000000002,3.524774857142857,0.27283125188996254
51.100000000000016,35.70000000000002,3.527963047619048,0.27171958788197237
51.20000000000002,35.70000000000002,3.529701619047619,0.27165733070591125
51.30000000000002,35.70000000000002,3.5306261904761906,0.2735305398218201
51.40000000000002,35.70000000000002,3.5308535238095238,0.2773284628606347
51.50000000000002,35.70000000000002,3.530084380952381,0.2818977066425708
51.60000000000002,35.70000000000002,3.5283624761904764,0.28670431070112323
51.70000000000002,35.70000000000002,3.525654095238095,0.29158239753838544
51.800000000000026,35.70000000000002,3.5229664166666663,0.2959754947205184
51.90000000000003,35.70000000000002,3.519791619047619,0.29962662256818623
52.00000000000003,35.70000000000002,3.5173780952380955,0.30419480935151827
52.10000000000003,35.70000000000002,3.513630761904762,0.3071540481282844
52.20000000000003,35.70000000000002,3.5085098095238094,0.30812979544001357
52.30000000000003,35.70000000000002,3.502875333333334,0.30803782540308167
52.400000000000034,35.70000000000002,3.4972453333333338,0.30781869993965427
52.50000000000004,35.70000000000002,3.491181238095238,0.30725682202519194
52.60000000000004,35.70000000000002,3.4840610476190474,0.30589987978219335
52.70000000000004,35.70000000000002,3.47569,0.3035820255222791
52.80000000000004,35.70000000000002,3.466967428571429,0.3000728097950887
52.90000000000004,35.70000000000002,3.4587265714285715,0.29525767739660375
53.00000000000004,35.70000000000002,3.451456857142857,0.28979511791542556
53.10000000000005,35.70000000000002,3.4437132380952384,0.28293488592264393
53.200000000000045,35.70000000000002,3.4340981904761905,0.27405201691604125
53.30000000000005,35.70000000000002,3.424836,0.2656015068439
53.40000000000005,35.70000000000002,3.418834761904762,0.260486793286773
53.50000000000005,35.70000000000002,3.4179961904761904,0.25892641659998644
53.60000000000005,35.70000000000002,3.421306476190476,0.2591586952415748
53.70000000000005,35.70000000000002,3.4272911428571433,0.26087274148953826
53.80000000000005,35.70000000000002,3.434227142857143,0.26413169000130277
53.900000000000055,35.70000000000002,3.4384164,0.2666842668687083
54.00000000000006,35.70000000000002,3.441436333333333,0.2682090693148999
54.10000000000006,35.70000000000002,3.4990648402235633,0.0
49.9,35.80000000000002,3.5115273333333326,0.2914218531548327
50.0,35.80000000000002,3.5110506666666668,0.28992464820296826
50.1,35.80000000000002,3.510108380952381,0.28892252438416466
50.2,35.80000000000002,3.5091946666666667,0.28791451783854605
50.3,35.80000000000002,3.5081035555555555,0.28690636403294606
50.400000000000006,35.80000000000002,3.5091975555555552,0.28722235911532995
50.50000000000001,35.80000000000002,3.5111508888888885,0.28711284187630476
50.60000000000001,35.80000000000002,3.513735666666667,0.2858168058420984
50.70000000000001,35.80000000000002,3.516932666666667,0.28419539370171193
50.80000000000001,35.80000000000002,3.5219307619047617,0.281692103575462
50.90000000000001,35.80000000000002,3.5274341904761903,0.2792709353159779
51.000000000000014,35.80000000000002,3.531792095238095,0.2773721232588032
51.100000000000016,35.80000000000002,3.534227142857143,0.2760164567917204
51.20000000000002,35.80000000000002,3.5346815238095237,0.27559780784471094
51.30000000000002,35.80000000000002,3.533723142857143,0.27698286571646247
51.40000000000002,35.80000000000002,3.530938761904762,0.27970738886639057
51.50000000000002,35.80000000000002,3.5276605714285716,0.28337952522565624
51.60000000000002,35.80000000000002,3.5237778095238093,0.2869534074856878
51.70000000000002,35.80000000000002,3.5198094285714285,0.2906189515526813
51.800000000000026,35.80000000000002,3.5160021666666665,0.29365355972572266
51.90000000000003,35.80000000000002,3.5128150000000007,0.29756070868725604
52.00000000000003,35.80000000000002,3.509025916666667,0.30045349541276406
52.10000000000003,35.80000000000002,3.502938095238095,0.3003293736468514
52.20000000000003,35.80000000000002,3.4976899047619048,0.3003378304277916
52.30000000000003,35.80000000000002,3.4929407619047623,0.300037675002278
52.400000000000034,35.80000000000002,3.488502857142857,0.29975595086273926
52.50000000000004,35.80000000000002,3.483520285714286,0.2991054605453406
52.60000000000004,35.80000000000002,3.4774128571428573,0.29789208050352617
52.70000000000004,35.80000000000002,3.470093714285714,0.29607668286096206
52.80000000000004,35.80000000000002,3.462428571428571,0.29336801116366623
52.90000000000004,35.80000000000002,3.4554693333333333,0.2894478940457585
53.00000000000004,35.80000000000002,3.4498889523809524,0.28494220271208226
53.10000000000005,35.80000000000002,3.444336666666666,0.2793970054463135
53.200000000000045,35.80000000000002,3.4368393333333334,0.271963975221775
53.30000000000005,35.80000000000002,3.4286448571428565,0.26457316582303114
53.40000000000005,35.80000000000002,3.422836476190476,0.25988879236605245
53.50000000000005,35.80000000000002,3.421631142857143,0.2582235502031748
53.60000000000005,35.80000000000002,3.424572095238095,0.2582802656547399
53.70000000000005,35.80000000000002,3.429889238095238,0.2596556639496892
53.80000000000005,35.80000000000002,3.435655619047619,0.2624487861463865
53.900000000000055,35.80000000000002,3.4391513333333332,0.2648463015338086
54.00000000000006,35.80000000000002,3.441335,0.26624057420468955
54.10000000000006,35.80000000000002,3.4990648402235633,0.0
49.9,35.90000000000002,3.514688666666667,0.2932075327361899
50.0,35.90000000000002,3.513327166666666,0.29177385463583605
50.1,35.90000000000002,3.512329809523809,0.29093386968026325
50.2,35.90000000000002,3.5101549999999997,0.28931695896493237
50.3,35.90000000000002,3.508989222222222,0.2886446962118476
50.400000000000006,35.90000000000002,3.5108746666666666,0.289794375650043
50.50000000000001,35.90000000000002,3.5138944444444444,0.29024556426852643
50.60000000000001,35.90000000000002,3.5178765555555556,0.2889357546538284
50.70000000000001,35.90000000000002,3.522366095238095,0.287117732754938
50.80000000000001,35.90000000000002,3.528302761904762,0.28424540200754583
50.90000000000001,35.90000000000002,3.5343159999999996,0.28201119451781537
51.000000000000014,35.90000000000002,3.538586761904762,0.2805780986861519
51.100000000000016,35.90000000000002,3.5396339047619048,0.2791934941938683
51.20000000000002,35.90000000000002,3.537824476190476,0.2783964792138493
51.30000000000002,35.90000000000002,3.53384,0.2789069428403274
51.40000000000002,35.90000000000002,3.5281060952380954,0.28048404385454373
51.50000000000002,35.90000000000002,3.5218638095238095,0.28255226710487186
51.60000000000002,35.90000000000002,3.516569047619048,0.2853662474773125
51.70000000000002,35.90000000000002,3.5119728571428572,0.2886808675596199
51.800000000000026,35.90000000000002,3.507823142857143,0.2920688688710449
51.90000000000003,35.90000000000002,3.503211666666667,0.2941102284619842
52.00000000000003,35.90000000000002,3.49872275,0.2956788662847082
52.10000000000003,35.90000000000002,3.4940132499999996,0.2961453506698588
52.20000000000003,35.90000000000002,3.489788083333333,0.29636274723377376
52.30000000000003,35.90000000000002,3.4856041904761903,0.29616431137830695
52.400000000000034,35.90000000000002,3.482097238095238,0.2961794923508695
52.50000000000004,35.90000000000002,3.4779793333333333,0.2955809890184841
52.60000000000004,35.90000000000002,3.4728661904761906,0.2943997064842933
52.70000000000004,35.90000000000002,3.466746952380953,0.2925913451353118
52.80000000000004,35.90000000000002,3.4602534285714284,0.28995637588564427
52.90000000000004,35.90000000000002,3.4549109523809522,0.2865540786725231
53.00000000000004,35.90000000000002,3.451018761904762,0.2826151178263714
53.10000000000005,35.90000000000002,3.4475201904761907,0.27801791098654954
53.200000000000045,35.90000000000002,3.442266857142857,0.27205056766991315
53.30000000000005,35.90000000000002,3.435548952380952,0.2658574485317226
53.40000000000005,35.90000000000002,3.4301950476190477,0.2616030838388963
53.50000000000005,35.90000000000002,3.428405238095238,0.25956054057619093
53.60000000000005,35.90000000000002,3.4303450476190473,0.2592161715318873
53.70000000000005,35.90000000000002,3.4341261904761904,0.260149874215058
53.80000000000005,35.90000000000002,3.4378529523809522,0.2622628948245659
53.900000000000055,35.90000000000002,3.4401702666666667,0.2642506203772381
54.00000000000006,35.90000000000002,3.441262,0.2655993569596721
54.10000000000006,35.90000000000002,3.4990648402235633,0.0
49.9,36.00000000000002,3.5139633333333338,0.2939420925066765
50.0,36.00000000000002,3.5128666666666666,0.2922624635022142
50.1,36.00000000000002,3.5118138666666665,0.29125073066322893
50.2,36.00000000000002,3.5099258666666673,0.28994592750848197
50.3,36.00000000000002,3.509217166666667,0.2895580553204726
50.400000000000006,36.00000000000002,3.5111981666666665,0.2907823606790981
50.50000000000001,36.00000000000002,3.5150840000000003,0.2915321538101334
50.60000000000001,36.00000000000002,3.5201445,0.29025533840431544
50.70000000000001,36.00000000000002,3.5249883999999994,0.2883924852340863
50.80000000000001,36.00000000000002,3.5314610666666666,0.28534600597934906
50.90000000000001,36.00000000000002,3.5377601333333333,0.28326149396379136
51.000000000000014,36.00000000000002,3.5417416,0.28189508554622494
51.100000000000016,36.00000000000002,3.5428493333333337,0.28104397518455887
51.20000000000002,36.00000000000002,3.5400405333333334,0.28039926384818553
51.30000000000002,36.00000000000002,3.5339508,0.2803057077890474
51.40000000000002,36.00000000000002,3.5258374666666668,0.28048795056139053
51.50000000000002,36.00000000000002,3.5182666666666664,0.281420653188325
51.60000000000002,36.00000000000002,3.5122665333333334,0.28372797571897923
51.70000000000002,36.00000000000002,3.5072412,0.2870686265297497
51.800000000000026,36.00000000000002,3.502561866666667,0.290386741913299
51.90000000000003,36.00000000000002,3.4980336,0.2927053129993556
52.00000000000003,36.00000000000002,3.493516533333334,0.2936900911837651
52.10000000000003,36.00000000000002,3.489370933333334,0.2941011755338562
52.20000000000003,36.00000000000002,3.4859377333333335,0.2947423302782834
52.30000000000003,36.00000000000002,3.482842133333333,0.2953471295849247
52.400000000000034,36.00000000000002,3.479486,0.29535246596148934
52.50000000000004,36.00000000000002,3.4758240000000002,0.2949013866879075
52.60000000000004,36.00000000000002,3.4711803333333333,0.29374153081367893
52.70000000000004,36.00000000000002,3.4655309999999995,0.29181965885541505
52.80000000000004,36.00000000000002,3.4597043333333333,0.28912157671948924
52.90000000000004,36.00000000000002,3.455003,0.28584510630584237
53.00000000000004,36.00000000000002,3.451969333333333,0.2821323162383191
53.10000000000005,36.00000000000002,3.4494781666666663,0.27790657022867593
53.200000000000045,36.00000000000002,3.445241,0.27255766861994407
53.30000000000005,36.00000000000002,3.4391861666666665,0.2668463265538758
53.40000000000005,36.00000000000002,3.4339776666666664,0.2627339189906826
53.50000000000005,36.00000000000002,3.431821333333333,0.2604775593208337
53.60000000000005,36.00000000000002,3.4333678333333335,0.25998177979430387
53.70000000000005,36.00000000000002,3.4364000000000003,0.2607077706349565
53.80000000000005,36.00000000000002,3.439034,0.262524638692322
53.900000000000055,36.00000000000002,3.4407762222222225,0.2645103249721587
54.00000000000006,36.00000000000002,3.441364,0.26609271792784595
54.10000000000006,36.00000000000002,3.4990648402235633,0.0
49.9,36.10000000000002,3.4990648402235633,0.0
50.0,36.10000000000002,3.5139633333333338,0.2939420925066765
50.1,36.10000000000002,3.5119556666666663,0.2922752070510681
50.2,36.10000000000002,3.5086439999999994,0.2902602819913056
50.3,36.10000000000002,3.5079420000000003,0.2898333965606326
50.400000000000006,36.10000000000002,3.5107776666666664,0.2911710637450609
50.50000000000001,36.10000000000002,3.515703333333333,0.29201664139519173
50.60000000000001,36.10000000000002,3.5218746666666667,0.29073027373341415
50.70000000000001,36.10000000000002,3.5291646666666665,0.28808351971722446
50.80000000000001,36.10000000000002,3.5352640000000006,0.2848055733643532
50.90000000000001,36.10000000000002,3.5412966666666663,0.28349677197684847
51.000000000000014,36.10000000000002,3.5454003333333337,0.283547824294414
51.100000000000016,36.10000000000002,3.5437646666666667,0.28243985813461103
51.20000000000002,36.10000000000002,3.5381136666666664,0.281498762622055
51.30000000000002,36.10000000000002,3.529690333333333,0.2807484683511094
51.40000000000002,36.10000000000002,3.520381333333333,0.28006416056264877
51.50000000000002,36.10000000000002,3.5126833333333334,0.28097663738838236
51.60000000000002,36.10000000000002,3.5068066666666673,0.28396931170260586
51.70000000000002,36.10000000000002,3.5015653333333345,0.2874954404725937
51.800000000000026,36.10000000000002,3.4967293333333336,0.2901781033176677
51.90000000000003,36.10000000000002,3.492320666666667,0.2917521451854122
52.00000000000003,36.10000000000002,3.4884576666666667,0.29254593471959023
52.10000000000003,36.10000000000002,3.485240333333333,0.29327095090040706
52.20000000000003,36.10000000000002,3.4824650000000004,0.2944579158766292
52.30000000000003,36.10000000000002,3.479738666666667,0.2954994738320283
52.400000000000034,36.10000000000002,3.4766756666666665,0.29553467385863763
52.50000000000004,36.10000000000002,3.472832,0.2946257591746363
52.60000000000004,36.10000000000002,3.470652,0.29448931857431165
52.70000000000004,36.10000000000002,3.465010666666667,0.29246487752112255
52.80000000000004,36.10000000000002,3.4591266666666667,0.2894752175333763
52.90000000000004,36.10000000000002,3.454676,0.28629996065983926
53.00000000000004,36.10000000000002,3.4524806666666668,0.28291003282084837
53.10000000000005,36.10000000000002,3.4511126666666665,0.2789680259508395
53.200000000000045,36.10000000000002,3.4475613333333333,0.2735177730717508
53.30000000000005,36.10000000000002,3.4411193333333334,0.2679457251704839
53.40000000000005,36.10000000000002,3.4353819999999997,0.2635849933782805
53.50000000000005,36.10000000000002,3.432855333333333,0.26128545616286636
53.60000000000005,36.10000000000002,3.434877333333334,0.26085622133199404
53.70000000000005,36.10000000000002,3.4379546666666663,0.26133244342176015
53.80000000000005,36.10000000000002,3.4398046666666673,0.2632021425262816
53.900000000000055,36.10000000000002,3.441364,0.26609271792784595
54.00000000000006,36.10000000000002,3.441364,0.26609271792784595
54.10000000000006,36.10000000000002,3.4990648402235633,0.0
49.9,36.20000000000002,3.4990648402235633,0.0
50.0,36.20000000000002,3.4990648402235633,0.0
50.1,36.20000000000002,3.4990648402235633,0.0
50.2,36.20000000000002,3.4990648402235633,0.0
50.3,36.20000000000002,3.4990648402235633,0.0
50.400000000000006,36.20000000000002,3.4990648402235633,0.0
50.50000000000001,36.20000000000002,3.4990648402235633,0.0
50.60000000000001,36.20000000000002,3.4990648402235633,0.0
50.70000000000001,36.20000000000002,3.4990648402235633,0.0
50.80000000000001,36.20000000000002,3.4990648402235633,0.0
50.90000000000001,36.20000000000002,3.4990648402235633,0.0
51.000000000000014,36.20000000000002,3.4990648402235633,0.0
51.100000000000016,36.20000000000002,3.4990648402235633,0.0
51.20000000000002,36.20000000000002,3.4990648402235633,0.0
51.30000000000002,36.20000000000002,3.4990648402235633,0.0
51.40000000000002,36.20000000000002,3.4990648402235633,0.0
51.50000000000002,36.20000000000002,3.4990648402235633,0.0
51.60000000000002,36.20000000000002,3.4990648402235633,0.0
51.70000000000002,36.20000000000002,3.4990648402235633,0.0
51.800000000000026,36.20000000000002,3.4990648402235633,0.0
51.90000000000003,36.20000000000002,3.4990648402235633,0.0
52.00000000000003,36.20000000000002,3.4990648402235633,0.0
52.10000000000003,36.20000000000002,3.4990648402235633,0.0
52.20000000000003,36.20000000000002,3.4990648402235633,0.0
52.30000000000003,36.20000000000002,3.4990648402235633,0.0
52.400000000000034,36.20000000000002,3.4990648402235633,0.0
52.50000000000004,36.20000000000002,3.4990648402235633,0.0
52.60000000000004,36.20000000000002,3.4990648402235633,0.0
52.70000000000004,36.20000000000002,3.4990648402235633,0.0
52.80000000000004,36.20000000000002,3.4990648402235633,0.0
52.90000000000004,36.20000000000002,3.4990648402235633,0.0
53.00000000000004,36.20000000000002,3.4990648402235633,0.0
53.10000000000005,36.20000000000002,3.4990648402235633,0.0
53.200000000000045,36.20000000000002,3.4990648402235633,0.0
53.30000000000005,36.20000000000002,3.4990648402235633,0.0
53.40000000000005,36.20000000000002,3.4990648402235633,0.0
53.50000000000005,36.20000000000002,3.4990648402235633,0.0
53.60000000000005,36.20000000000002,3.4990648402235633,0.0
53.70000000000005,36.20000000000002,3.4990648402235633,0.0
53.80000000000005,36.20000000000002,3.4990648402235633,0.0
53.900000000000055,36.20000000000002,3.4990648402235633,0.0
54.00000000000006,36.20000000000002,3.4990648402235633,0.0
54.10000000000006,36.20000000000002,3.4990648402235633,0.0
49.9,36.300000000000026,3.4990648402235633,0.0
50.0,36.300000000000026,3.4990648402235633,0.0
50.1,36.300000000000026,3.4990648402235633,0.0
50.2,36.300000000000026,3.4990648402235633,0.0
50.3,36.300000000000026,3.4990648402235633,0.0
50.400000000000006,36.300000000000026,3.4990648402235633,0.0
50.50000000000001,36.300000000000026,3.4990648402235633,0.0
50.60000000000001,36.300000000000026,3.4990648402235633,0.0
50.70000000000001,36.300000000000026,3.4990648402235633,0.0
50.80000000000001,36.300000000000026,3.4990648402235633,0.0
50.90000000000001,36.300000000000026,3.4990648402235633,0.0
51.000000000000014,36.300000000000026,3.4990648402235633,0.0
51.100000000000016,36.300000000000026,3.4990648402235633,0.0
51.20000000000002,36.300000000000026,3.4990648402235633,0.0
51.30000000000002,36.300000000000026,3.4990648402235633,0.0
51.40000000000002,36.300000000000026,3.4990648402235633,0.0
51.50000000000002,36.300000000000026,3.4990648402235633,0.0
51.60000000000002,36.300000000000026,3.4990648402235633,0.0
51.70000000000002,36.300000000000026,3.4990648402235633,0.0
51.800000000000026,36.300000000000026,3.4990648402235633,0.0
51.90000000000003,36.300000000000026,3.4990648402235633,0.0
52.00000000000003,36.300000000000026,3.4990648402235633,0.0
52.10000000000003,36.300000000000026,3.4990648402235633,0.0
52.20000000000003,36.300000000000026,3.4990648402235633,0.0
52.30000000000003,36.300000000000026,3.4990648402235633,0.0
52.400000000000034,36.300000000000026,3.4990648402235633,0.0
52.50000000000004,36.300000000000026,3.4990648402235633,0.0
52.60000000000004,36.300000000000026,3.4990648402235633,0.0
52.70000000000004,36.300000000000026,3.4990648402235633,0.0
52.80000000000004,36.300000000000026,3.4990648402235633,0.0
52.90000000000004,36.300000000000026,3.4990648402235633,0.0
53.00000000000004,36.300000000000026,3.4990648402235633,0.0
53.10000000000005,36.300000000000026,3.4990648402235633,0.0
53.200000000000045,36.300000000000026,3.4990648402235633,0.0
53.30000000000005,36.300000000000026,3.4990648402235633,0.0
53.40000000000005,36.300000000000026,3.4990648402235633,0.0
53.50000000000005,36.300000000000026,3.4990648402235633,0.0
53.60000000000005,36.300000000000026,3.4990648402235633,0.0
53.70000000000005,36.300000000000026,3.4990648402235633,0.0
53.80000000000005,36.300000000000026,3.4990648402235633,0.0
53.900000000000055,36.300000000000026,3.4990648402235633,0.0
54.00000000000006,36.300000000000026,3.4990648402235633,0.0
54.10000000000006,36.300000000000026,3.4990648402235633,0.0
49.9,36.40000000000003,3.4990648402235633,0.0
50.0,36.40000000000003,3.4990648402235633,0.0
50.1,36.40000000000003,3.4990648402235633,0.0
50.2,36.40000000000003,3.4990648402235633,0.0
50.3,36.40000000000003,3.4990648402235633,0.0
50.400000000000006,36.40000000000003,3.4990648402235633,0.0
50.50000000000001,36.40000000000003,3.4990648402235633,0.0
50.60000000000001,36.40000000000003,3.4990648402235633,0.0
50.70000000000001,36.40000000000003,3.4990648402235633,0.0
50.80000000000001,36.40000000000003,3.4990648402235633,0.0
50.90000000000001,36.40000000000003,3.4990648402235633,0.0
51.000000000000014,36.40000000000003,3.4990648402235633,0.0
51.100000000000016,36.40000000000003,3.4990648402235633,0.0
51.20000000000002,36.40000000000003,3.4990648402235633,0.0
51.30000000000002,36.40000000000003,3.4990648402235633,0.0
51.40000000000002,36.40000000000003,3.4990648402235633,0.0
51.50000000000002,36.40000000000003,3.4990648402235633,0.0
51.60000000000002,36.40000000000003,3.4990648402235633,0.0
51.70000000000002,36.40000000000003,3.4990648402235633,0.0
51.800000000000026,36.40000000000003,3.4990648402235633,0.0
51.90000000000003,36.40000000000003,3.4990648402235633,0.0
52.00000000000003,36.40000000000003,3.4990648402235633,0.0
52.10000000000003,36.40000000000003,3.4990648402235633,0.0
52.20000000000003,36.40000000000003,3.4990648402235633,0.0
52.30000000000003,36.40000000000003,3.4990648402235633,0.0
52.400000000000034,36.40000000000003,3.4990648402235633,0.0
52.50000000000004,36.40000000000003,3.4990648402235633,0.0
52.60000000000004,36.40000000000003,3.4990648402235633,0.0
52.70000000000004,36.40000000000003,3.4990648402235633,0.0
52.80000000000004,36.40000000000003,3.4990648402235633,0.0
52.90000000000004,36.40000000000003,3.4990648402235633,0.0
53.00000000000004,36.40000000000003,3.4990648402235633,0.0
53.10000000000005,36.40000000000003,3.4990648402235633,0.0
53.200000000000045,36.40000000000003,3.4990648402235633,0.0
53.30000000000005,36.40000000000003,3.4990648402235633,0.0
53.40000000000005,36.40000000000003,3.4990648402235633,0.0
53.50000000000005,36.40000000000003,3.4990648402235633,0.0
53.60000000000005,36.40000000000003,3.4990648402235633,0.0
53.70000000000005,36.40000000000003,3.4990648402235633,0.0
53.80000000000005,36.40000000000003,3.4990648402235633,0.0
53.900000000000055,36.40000000000003,3.4990648402235633,0.0
54.00000000000006,36.40000000000003,3.4990648402235633,0.0
54.10000000000006,36.40000000000003,3.4990648402235633,0.0
49.9,36.50000000000003,3.4990648402235633,0.0
50.0,36.50000000000003,3.4990648402235633,0.0
50.1,36.50000000000003,3.4990648402235633,0.0
50.2,36.50000000000003,3.4990648402235633,0.0
50.3,36.50000000000003,3.4990648402235633,0.0
50.400000000000006,36.50000000000003,3.4990648402235633,0.0
50.50000000000001,36.50000000000003,3.4990648402235633,0.0
50.60000000000001,36.50000000000003,3.4990648402235633,0.0
50.70000000000001,36.50000000000003,3.4990648402235633,0.0
50.80000000000001,36.50000000000003,3.4990648402235633,0.0
50.90000000000001,36.50000000000003,3.4990648402235633,0.0
51.000000000000014,36.50000000000003,3.4990648402235633,0.0
51.100000000000016,36.50000000000003,3.4990648402235633,0.0
51.20000000000002,36.50000000000003,3.4990648402235633,0.0
51.30000000000002,36.50000000000003,3.4990648402235633,0.0
51.40000000000002,36.50000000000003,3.4990648402235633,0.0
51.50000000000002,36.50000000000003,3.4990648402235633,0.0
51.60000000000002,36.50000000000003,3.4990648402235633,0.0
51.70000000000002,36.50000000000003,3.4990648402235633,0.0
51.800000000000026,36.50000000000003,3.4990648402235633,0.0
51.90000000000003,36.50000000000003,3.4990648402235633,0.0
52.00000000000003,36.50000000000003,3.4990648402235633,0.0
52.10000000000003,36.50000000000003,3.4990648402235633,0.0
52.20000000000003,36.50000000000003,3.4990648402235633,0.0
52.30000000000003,36.50000000000003,3.4990648402235633,0.0
52.400000000000034,36.50000000000003,3.4990648402235633,0.0
52.50000000000004,36.50000000000003,3.4990648402235633,0.0
52.60000000000004,36.50000000000003,3.4990648402235633,0.0
52.70000000000004,36.50000000000003,3.4990648402235633,0.0
52.80000000000004,36.50000000000003,3.4990648402235633,0.0
52.90000000000004,36.50000000000003,3.4990648402235633,0.0
53.00000000000004,36.50000000000003,3.4990648402235633,0.0
53.10000000000005,36.50000000000003,3.4990648402235633,0.0
53.200000000000045,36.50000000000003,3.4990648402235633,0.0
53.30000000000005,36.50000000000003,3.4990648402235633,0.0
53.40000000000005,36.50000000000003,3.4990648402235633,0.0
53.50000000000005,36.50000000000003,3.4990648402235633,0.0
53.60000000000005,36.50000000000003,3.4990648402235633,0.0
53.70000000000005,36.50000000000003,3.4990648402235633,0.0
53.80000000000005,36.50000000000003,3.4990648402235633,0.0
53.900000000000055,36.50000000000003,3.4990648402235633,0.0
54.00000000000006,36.50000000000003,3.4990648402235633,0.0
54.10000000000006,36.50000000000003,3.4990648402235633,0.0
49.9,36.60000000000003,3.4990648402235633,0.0
50.0,36.60000000000003,3.4990648402235633,0.0
50.1,36.60000000000003,3.4990648402235633,0.0
50.2,36.60000000000003,3.4990648402235633,0.0
50.3,36.60000000000003,3.4990648402235633,0.0
50.400000000000006,36.60000000000003,3.4990648402235633,0.0
50.50000000000001,36.60000000000003,3.4990648402235633,0.0
50.60000000000001,36.60000000000003,3.4990648402235633,0.0
50.70000000000001,36.60000000000003,3.4990648402235633,0.0
50.80000000000001,36.60000000000003,3.4990648402235633,0.0
50.90000000000001,36.60000000000003,3.4990648402235633,0.0
51.000000000000014,36.60000000000003,3.4990648402235633,0.0
51.100000000000016,36.60000000000003,3.4990648402235633,0.0
51.20000000000002,36.60000000000003,3.4990648402235633,0.0
51.30000000000002,36.60000000000003,3.4990648402235633,0.0
51.40000000000002,36.60000000000003,3.4990648402235633,0.0
51.50000000000002,36.60000000000003,3.4990648402235633,0.0
51.60000000000002,36.60000000000003,3.4990648402235633,0.0
51.70000000000002,36.60000000000003,3.4990648402235633,0.0
51.800000000000026,36.60000000000003,3.4990648402235633,0.0
51.90000000000003,36.60000000000003,3.4990648402235633,0.0
52.00000000000003,36.60000000000003,3.4990648402235633,0.0
52.10000000000003,36.60000000000003,3.4990648402235633,0.0
52.20000000000003,36.60000000000003,3.4990648402235633,0.0
52.30000000000003,36.60000000000003,3.4990648402235633,0.0
52.400000000000034,36.60000000000003,3.4990648402235633,0.0
52.50000000000004,36.60000000000003,3.4990648402235633,0.0
52.60000000000004,36.60000000000003,3.4990648402235633,0.0
52.70000000000004,36.60000000000003,3.4990648402235633,0.0
52.80000000000004,36.60000000000003,3.4990648402235633,0.0
52.90000000000004,36.60000000000003,3.4990648402235633,0.0
53.00000000000004,36.60000000000003,3.4990648402235633,0.0
53.10000000000005,36.60000000000003,3.4990648402235633,0.0
53.200000000000045,36.60000000000003,3.4990648402235633,0.0
53.30000000000005,36.60000000000003,3.4990648402235633,0.0
53.40000000000005,36.60000000000003,3.4990648402235633,0.0
53.50000000000005,36.60000000000003,3.4990648402235633,0.0
53.60000000000005,36.60000000000003,3.4990648402235633,0.0
53.70000000000005,36.60000000000003,3.4990648402235633,0.0
53.80000000000005,36.60000000000003,3.4990648402235633,0.0
53.900000000000055,36.60000000000003,3.4990648402235633,0.0
54.00000000000006,36.60000000000003,3.4990648402235633,0.0
54.10000000000006,36.60000000000003,3.4990648402235633,0.0
49.9,36.70000000000003,3.4990648402235633,0.0
50.0,36.70000000000003,3.4990648402235633,0.0
50.1,36.70000000000003,3.4990648402235633,0.0
50.2,36.70000000000003,3.4990648402235633,0.0
50.3,36.70000000000003,3.4990648402235633,0.0
50.400000000000006,36.70000000000003,3.4990648402235633,0.0
50.50000000000001,36.70000000000003,3.4990648402235633,0.0
50.60000000000001,36.70000000000003,3.4990648402235633,0.0
50.70000000000001,36.70000000000003,3.4990648402235633,0.0
50.80000000000001,36.70000000000003,3.4990648402235633,0.0
50.90000000000001,36.70000000000003,3.4990648402235633,0.0
51.000000000000014,36.70000000000003,3.4990648402235633,0.0
51.100000000000016,36.70000000000003,3.4990648402235633,0.0
51.20000000000002,36.70000000000003,3.4990648402235633,0.0
51.30000000000002,36.70000000000003,3.4990648402235633,0.0
51.40000000000002,36.70000000000003,3.4990648402235633,0.0
51.50000000000002,36.70000000000003,3.4990648402235633,0.0
51.60000000000002,36.70000000000003,3.4990648402235633,0.0
51.70000000000002,36.70000000000003,3.4990648402235633,0.0
51.800000000000026,36.70000000000003,3.4990648402235633,0.0
51.90000000000003,36.70000000000003,3.4990648402235633,0.0
52.00000000000003,36.70000000000003,3.4990648402235633,0.0
52.10000000000003,36.70000000000003,3.4990648402235633,0.0
52.20000000000003,36.70000000000003,3.4990648402235633,0.0
52.30000000000003,36.70000000000003,3.4990648402235633,0.0
52.400000000000034,36.70000000000003,3.4990648402235633,0.0
52.50000000000004,36.70000000000003,3.4990648402235633,0.0
52.60000000000004,36.70000000000003,3.4990648402235633,0.0
52.70000000000004,36.70000000000003,3.4990648402235633,0.0
52.80000000000004,36.70000000000003,3.4990648402235633,0.0
52.90000000000004,36.70000000000003,3.4990648402235633,0.0
53.00000000000004,36.70000000000003,3.4990648402235633,0.0
53.10000000000005,36.70000000000003,3.4990648402235633,0.0
53.200000000000045,36.70000000000003,3.4990648402235633,0.0
53.30000000000005,36.70000000000003,3.4990648402235633,0.0
53.40000000000005,36.70000000000003,3.4990648402235633,0.0
53.50000000000005,36.70000000000003,3.4990648402235633,0.0
53.60000000000005,36.70000000000003,3.4990648402235633,0.0
53.70000000000005,36.70000000000003,3.4990648402235633,0.0
53.80000000000005,36.70000000000003,3.4990648402235633,0.0
53.900000000000055,36.70000000000003,3.4990648402235633,0.0
54.00000000000006,36.70000000000003,3.4990648402235633,0.0
54.10000000000006,36.70000000000003,3.4990648402235633,0.0
49.9,36.80000000000003,3.4990648402235633,0.0
50.0,36.80000000000003,3.4990648402235633,0.0
50.1,36.80000000000003,3.4990648402235633,0.0
50.2,36.80000000000003,3.4990648402235633,0.0
50.3,36.80000000000003,3.4990648402235633,0.0
50.400000000000006,36.80000000000003,3.4990648402235633,0.0
50.50000000000001,36.80000000000003,3.4990648402235633,0.0
50.60000000000001,36.80000000000003,3.4990648402235633,0.0
50.70000000000001,36.80000000000003,3.4990648402235633,0.0
50.80000000000001,36.80000000000003,3.4990648402235633,0.0
50.90000000000001,36.80000000000003,3.4990648402235633,0.0
51.000000000000014,36.80000000000003,3.4990648402235633,0.0
51.100000000000016,36.80000000000003,3.4990648402235633,0.0
51.20000000000002,36.80000000000003,3.4990648402235633,0.0
51.30000000000002,36.80000000000003,3.4990648402235633,0.0
51.40000000000002,36.80000000000003,3.4990648402235633,0.0
51.50000000000002,36.80000000000003,3.4990648402235633,0.0
51.60000000000002,36.80000000000003,3.4990648402235633,0.0
51.70000000000002,36.80000000000003,3.4990648402235633,0.0
51.800000000000026,36.80000000000003,3.4990648402235633,0.0
51.90000000000003,36.80000000000003,3.4990648402235633,0.0
52.00000000000003,36.80000000000003,3.4990648402235633,0.0
52.10000000000003,36.80000000000003,3.4990648402235633,0.0
52.20000000000003,36.80000000000003,3.4990648402235633,0.0
52.30000000000003,36.80000000000003,3.4990648402235633,0.0
52.400000000000034,36.80000000000003,3.4990648402235633,0.0
52.50000000000004,36.80000000000003,3.4990648402235633,0.0
52.60000000000004,36.80000000000003,3.4990648402235633,0.0
52.70000000000004,36.80000000000003,3.4990648402235633,0.0
52.80000000000004,36.80000000000003,3.4990648402235633,0.0
52.90000000000004,36.80000000000003,3.4990648402235633,0.0
53.00000000000004,36.80000000000003,3.4990648402235633,0.0
53.10000000000005,36.80000000000003,3.4990648402235633,0.0
53.200000000000045,36.80000000000003,3.4990648402235633,0.0
53.30000000000005,36.80000000000003,3.4990648402235633,0.0
53.40000000000005,36.80000000000003,3.4990648402235633,0.0
53.50000000000005,36.80000000000003,3.4990648402235633,0.0
53.60000000000005,36.80000000000003,3.4990648402235633,0.0
53.70000000000005,36.80000000000003,3.4990648402235633,0.0
53.80000000000005,36.80000000000003,3.4990648402235633,0.0
53.900000000000055,36.80000000000003,3.4990648402235633,0.0
54.00000000000006,36.80000000000003,3.4990648402235633,0.0
54.10000000000006,36.80000000000003,3.4990648402235633,0.0
